Date,"Cryptocurrency"
2015-07-01,872
2015-07-02,846
2015-07-03,819
2015-07-04,691
2015-07-05,753
2015-07-06,921
2015-07-07,940
2015-07-08,916
2015-07-09,869
2015-07-10,826
2015-07-11,659
2015-07-12,818
2015-07-13,974
2015-07-14,862
2015-07-15,900
2015-07-16,899
2015-07-17,749
2015-07-18,590
2015-07-19,661
2015-07-20,862
2015-07-21,914
2015-07-22,886
2015-07-23,905
2015-07-24,866
2015-07-25,727
2015-07-26,689
2015-07-27,897
2015-07-28,983
2015-07-29,4548
2015-07-30,4175
2015-07-31,1555
2015-08-01,885
2015-08-02,854
2015-08-03,859
2015-08-04,902
2015-08-05,948
2015-08-06,907
2015-08-07,814
2015-08-08,630
2015-08-09,768
2015-08-10,888
2015-08-11,865
2015-08-12,1044
2015-08-13,817
2015-08-14,789
2015-08-15,670
2015-08-16,659
2015-08-17,881
2015-08-18,1043
2015-08-19,1024
2015-08-20,1075
2015-08-21,946
2015-08-22,724
2015-08-23,760
2015-08-24,955
2015-08-25,1054
2015-08-26,1007
2015-08-27,947
2015-08-28,771
2015-08-29,729
2015-08-30,785
2015-08-31,1042
2015-09-01,1045
2015-09-02,933
2015-09-03,958
2015-09-04,815
2015-09-05,624
2015-09-06,635
2015-09-07,863
2015-09-08,1128
2015-09-09,1008
2015-09-10,913
2015-09-11,844
2015-09-12,674
2015-09-13,703
2015-09-14,1035
2015-09-15,1044
2015-09-16,1044
2015-09-17,1042
2015-09-18,925
2015-09-19,700
2015-09-20,700
2015-09-21,1008
2015-09-22,995
2015-09-23,851
2015-09-24,866
2015-09-25,836
2015-09-26,610
2015-09-27,707
2015-09-28,961
2015-09-29,1110
2015-09-30,1015
2015-10-01,904
2015-10-02,789
2015-10-03,672
2015-10-04,769
2015-10-05,960
2015-10-06,1154
2015-10-07,1077
2015-10-08,930
2015-10-09,830
2015-10-10,1042
2015-10-11,1028
2015-10-12,980
2015-10-13,1190
2015-10-14,935
2015-10-15,980
2015-10-16,904
2015-10-17,754
2015-10-18,845
2015-10-19,935
2015-10-20,957
2015-10-21,1086
2015-10-22,865
2015-10-23,1057
2015-10-24,834
2015-10-25,903
2015-10-26,1465
2015-10-27,1134
2015-10-28,1066
2015-10-29,1174
2015-10-30,883
2015-10-31,790
2015-11-01,890
2015-11-02,1145
2015-11-03,1204
2015-11-04,1440
2015-11-05,1325
2015-11-06,1120
2015-11-07,741
2015-11-08,836
2015-11-09,1077
2015-11-10,1125
2015-11-11,988
2015-11-12,1376
2015-11-13,898
2015-11-14,705
2015-11-15,790
2015-11-16,994
2015-11-17,1022
2015-11-18,1064
2015-11-19,1032
2015-11-20,885
2015-11-21,834
2015-11-22,1219
2015-11-23,1450
2015-11-24,1092
2015-11-25,953
2015-11-26,974
2015-11-27,846
2015-11-28,648
2015-11-29,813
2015-11-30,976
2015-12-01,976
2015-12-02,1055
2015-12-03,1034
2015-12-04,909
2015-12-05,721
2015-12-06,787
2015-12-07,996
2015-12-08,1223
2015-12-09,3139
2015-12-10,1615
2015-12-11,1107
2015-12-12,804
2015-12-13,895
2015-12-14,1065
2015-12-15,1018
2015-12-16,1122
2015-12-17,1001
2015-12-18,795
2015-12-19,674
2015-12-20,745
2015-12-21,804
2015-12-22,817
2015-12-23,791
2015-12-24,652
2015-12-25,576
2015-12-26,731
2015-12-27,775
2015-12-28,1216
2015-12-29,910
2015-12-30,883
2015-12-31,677
2016-01-01,629
2016-01-02,765
2016-01-03,744
2016-01-04,1005
2016-01-05,1062
2016-01-06,963
2016-01-07,1127
2016-01-08,991
2016-01-09,781
2016-01-10,858
2016-01-11,1039
2016-01-12,1404
2016-01-13,1051
2016-01-14,998
2016-01-15,1086
2016-01-16,875
2016-01-17,1220
2016-01-18,1326
2016-01-19,1261
2016-01-20,1173
2016-01-21,1222
2016-01-22,1140
2016-01-23,796
2016-01-24,845
2016-01-25,1164
2016-01-26,1163
2016-01-27,1208
2016-01-28,1068
2016-01-29,1027
2016-01-30,778
2016-01-31,931
2016-02-01,1029
2016-02-02,1195
2016-02-03,1425
2016-02-04,1146
2016-02-05,931
2016-02-06,863
2016-02-07,897
2016-02-08,1154
2016-02-09,1128
2016-02-10,1343
2016-02-11,1164
2016-02-12,1252
2016-02-13,984
2016-02-14,870
2016-02-15,1174
2016-02-16,1300
2016-02-17,1278
2016-02-18,1328
2016-02-19,1208
2016-02-20,920
2016-02-21,940
2016-02-22,1121
2016-02-23,1164
2016-02-24,1207
2016-02-25,1101
2016-02-26,1124
2016-02-27,1096
2016-02-28,971
2016-02-29,1105
2016-03-01,1282
2016-03-02,1251
2016-03-03,1266
2016-03-04,1067
2016-03-05,987
2016-03-06,1286
2016-03-07,1395
2016-03-08,1226
2016-03-09,1279
2016-03-10,1226
2016-03-11,1128
2016-03-12,984
2016-03-13,1062
2016-03-14,1337
2016-03-15,1619
2016-03-16,1308
2016-03-17,1117
2016-03-18,1052
2016-03-19,924
2016-03-20,1041
2016-03-21,1204
2016-03-22,1102
2016-03-23,1194
2016-03-24,1024
2016-03-25,943
2016-03-26,839
2016-03-27,1015
2016-03-28,1148
2016-03-29,1256
2016-03-30,1119
2016-03-31,1066
2016-04-01,1032
2016-04-02,872
2016-04-03,923
2016-04-04,1159
2016-04-05,1200
2016-04-06,1219
2016-04-07,1185
2016-04-08,1046
2016-04-09,860
2016-04-10,888
2016-04-11,1282
2016-04-12,1213
2016-04-13,1154
2016-04-14,1036
2016-04-15,951
2016-04-16,738
2016-04-17,921
2016-04-18,1383
2016-04-19,1159
2016-04-20,1253
2016-04-21,1371
2016-04-22,1177
2016-04-23,968
2016-04-24,1067
2016-04-25,1517
2016-04-26,1191
2016-04-27,1191
2016-04-28,1303
2016-04-29,975
2016-04-30,770
2016-05-01,873
2016-05-02,2707
2016-05-03,2055
2016-05-04,1489
2016-05-05,1587
2016-05-06,1407
2016-05-07,1080
2016-05-08,1082
2016-05-09,1295
2016-05-10,1356
2016-05-11,1296
2016-05-12,1203
2016-05-13,1041
2016-05-14,1239
2016-05-15,1196
2016-05-16,1190
2016-05-17,1284
2016-05-18,1261
2016-05-19,1302
2016-05-20,1205
2016-05-21,863
2016-05-22,977
2016-05-23,1344
2016-05-24,1200
2016-05-25,1426
2016-05-26,1189
2016-05-27,1123
2016-05-28,956
2016-05-29,901
2016-05-30,1319
2016-05-31,1374
2016-06-01,1287
2016-06-02,1232
2016-06-03,1159
2016-06-04,927
2016-06-05,989
2016-06-06,1184
2016-06-07,1296
2016-06-08,1260
2016-06-09,1103
2016-06-10,1181
2016-06-11,907
2016-06-12,1095
2016-06-13,1501
2016-06-14,1554
2016-06-15,1751
2016-06-16,1508
2016-06-17,1540
2016-06-18,1454
2016-06-19,1388
2016-06-20,1538
2016-06-21,1617
2016-06-22,1514
2016-06-23,1555
2016-06-24,1627
2016-06-25,1249
2016-06-26,1248
2016-06-27,1450
2016-06-28,1457
2016-06-29,1379
2016-06-30,1426
2016-07-01,1308
2016-07-02,1063
2016-07-03,1048
2016-07-04,1303
2016-07-05,1374
2016-07-06,1231
2016-07-07,1408
2016-07-08,1188
2016-07-09,1179
2016-07-10,1174
2016-07-11,1463
2016-07-12,1492
2016-07-13,1530
2016-07-14,1352
2016-07-15,1250
2016-07-16,1097
2016-07-17,1191
2016-07-18,1365
2016-07-19,1466
2016-07-20,1475
2016-07-21,1365
2016-07-22,1310
2016-07-23,1037
2016-07-24,1130
2016-07-25,1327
2016-07-26,1390
2016-07-27,1336
2016-07-28,1412
2016-07-29,1079
2016-07-30,1030
2016-07-31,994
2016-08-01,1287
2016-08-02,1227
2016-08-03,1790
2016-08-04,1493
2016-08-05,1183
2016-08-06,1012
2016-08-07,1018
2016-08-08,1493
2016-08-09,1565
2016-08-10,1279
2016-08-11,1246
2016-08-12,1049
2016-08-13,1020
2016-08-14,944
2016-08-15,1286
2016-08-16,1328
2016-08-17,1208
2016-08-18,1213
2016-08-19,1089
2016-08-20,912
2016-08-21,1118
2016-08-22,1323
2016-08-23,1446
2016-08-24,1402
2016-08-25,1564
2016-08-26,23551
2016-08-27,1413
2016-08-28,1303
2016-08-29,1506
2016-08-30,1448
2016-08-31,1424
2016-09-01,1411
2016-09-02,1241
2016-09-03,1094
2016-09-04,1113
2016-09-05,1352
2016-09-06,1327
2016-09-07,1750
2016-09-08,1607
2016-09-09,1388
2016-09-10,1163
2016-09-11,1269
2016-09-12,1510
2016-09-13,1637
2016-09-14,1696
2016-09-15,1543
2016-09-16,1470
2016-09-17,1346
2016-09-18,1391
2016-09-19,1479
2016-09-20,1555
2016-09-21,1580
2016-09-22,1606
2016-09-23,1366
2016-09-24,1202
2016-09-25,1241
2016-09-26,1658
2016-09-27,1583
2016-09-28,1618
2016-09-29,1491
2016-09-30,1461
2016-10-01,1249
2016-10-02,1212
2016-10-03,1581
2016-10-04,1643
2016-10-05,1582
2016-10-06,1464
2016-10-07,1400
2016-10-08,1200
2016-10-09,1163
2016-10-10,1421
2016-10-11,1479
2016-10-12,1484
2016-10-13,1496
2016-10-14,1437
2016-10-15,1259
2016-10-16,1291
2016-10-17,1671
2016-10-18,1609
2016-10-19,1561
2016-10-20,1539
2016-10-21,1450
2016-10-22,1209
2016-10-23,1247
2016-10-24,2023
2016-10-25,1522
2016-10-26,1621
2016-10-27,1450
2016-10-28,1474
2016-10-29,1325
2016-10-30,1550
2016-10-31,1932
2016-11-01,1852
2016-11-02,1952
2016-11-03,1759
2016-11-04,1657
2016-11-05,1540
2016-11-06,1671
2016-11-07,1972
2016-11-08,1947
2016-11-09,1975
2016-11-10,2173
2016-11-11,1665
2016-11-12,1531
2016-11-13,1619
2016-11-14,1940
2016-11-15,1943
2016-11-16,2057
2016-11-17,2035
2016-11-18,1843
2016-11-19,1537
2016-11-20,1741
2016-11-21,2019
2016-11-22,2186
2016-11-23,1927
2016-11-24,1949
2016-11-25,1691
2016-11-26,1541
2016-11-27,1673
2016-11-28,2069
2016-11-29,2315
2016-11-30,2583
2016-12-01,2405
2016-12-02,2438
2016-12-03,1495
2016-12-04,1518
2016-12-05,1919
2016-12-06,1881
2016-12-07,1863
2016-12-08,1989
2016-12-09,1819
2016-12-10,1529
2016-12-11,1578
2016-12-12,1849
2016-12-13,2197
2016-12-14,2067
2016-12-15,1829
2016-12-16,1771
2016-12-17,1524
2016-12-18,1508
2016-12-19,1933
2016-12-20,1721
2016-12-21,1751
2016-12-22,1921
2016-12-23,1775
2016-12-24,1543
2016-12-25,1317
2016-12-26,1895
2016-12-27,2001
2016-12-28,2024
2016-12-29,2127
2016-12-30,1846
2016-12-31,1369
2017-01-01,1379
2017-01-02,2586
2017-01-03,3199
2017-01-04,3131
2017-01-05,3308
2017-01-06,2876
2017-01-07,2414
2017-01-08,2198
2017-01-09,2606
2017-01-10,2404
2017-01-11,2455
2017-01-12,2544
2017-01-13,2137
2017-01-14,2025
2017-01-15,1960
2017-01-16,2088
2017-01-17,2129
2017-01-18,2446
2017-01-19,2648
2017-01-20,1892
2017-01-21,1562
2017-01-22,1653
2017-01-23,2135
2017-01-24,2072
2017-01-25,2009
2017-01-26,1934
2017-01-27,1882
2017-01-28,1821
2017-01-29,1668
2017-01-30,2334
2017-01-31,2195
2017-02-01,1998
2017-02-02,2011
2017-02-03,1986
2017-02-04,1572
2017-02-05,1689
2017-02-06,1883
2017-02-07,2050
2017-02-08,1989
2017-02-09,1990
2017-02-10,1802
2017-02-11,1495
2017-02-12,1660
2017-02-13,2084
2017-02-14,1967
2017-02-15,2027
2017-02-16,1982
2017-02-17,1823
2017-02-18,1775
2017-02-19,1789
2017-02-20,1976
2017-02-21,2149
2017-02-22,2077
2017-02-23,2039
2017-02-24,2093
2017-02-25,2169
2017-02-26,2034
2017-02-27,2170
2017-02-28,2494
2017-03-01,2669
2017-03-02,2593
2017-03-03,3860
2017-03-04,4312
2017-03-05,3422
2017-03-06,2813
2017-03-07,2501
2017-03-08,2196
2017-03-09,2406
2017-03-10,2504
2017-03-11,2411
2017-03-12,2397
2017-03-13,2859
2017-03-14,2577
2017-03-15,2453
2017-03-16,2659
2017-03-17,2643
2017-03-18,2301
2017-03-19,2314
2017-03-20,2686
2017-03-21,2605
2017-03-22,2603
2017-03-23,2387
2017-03-24,2219
2017-03-25,1796
2017-03-26,1990
2017-03-27,2419
2017-03-28,2465
2017-03-29,2473
2017-03-30,2456
2017-03-31,2188
2017-04-01,1892
2017-04-02,2066
2017-04-03,2533
2017-04-04,2453
2017-04-05,2304
2017-04-06,2380
2017-04-07,2186
2017-04-08,2024
2017-04-09,1832
2017-04-10,2373
2017-04-11,2387
2017-04-12,2473
2017-04-13,2484
2017-04-14,2117
2017-04-15,1731
2017-04-16,1929
2017-04-17,3051
2017-04-18,3189
2017-04-19,2588
2017-04-20,2487
2017-04-21,2514
2017-04-22,2125
2017-04-23,1896
2017-04-24,3081
2017-04-25,2593
2017-04-26,2614
2017-04-27,2587
2017-04-28,2460
2017-04-29,2104
2017-04-30,2160
2017-05-01,2936
2017-05-02,3140
2017-05-03,3030
2017-05-04,3888
2017-05-05,3490
2017-05-06,2944
2017-05-07,3102
2017-05-08,3888
2017-05-09,4182
2017-05-10,4223
2017-05-11,4056
2017-05-12,4013
2017-05-13,4235
2017-05-14,4181
2017-05-15,9681
2017-05-16,9565
2017-05-17,8483
2017-05-18,7081
2017-05-19,6399
2017-05-20,4988
2017-05-21,5469
2017-05-22,10248
2017-05-23,9742
2017-05-24,10095
2017-05-25,10795
2017-05-26,8452
2017-05-27,5860
2017-05-28,5246
2017-05-29,6428
2017-05-30,6830
2017-05-31,6898
2017-06-01,6701
2017-06-02,5952
2017-06-03,5825
2017-06-04,5201
2017-06-05,7041
2017-06-06,8656
2017-06-07,8785
2017-06-08,7086
2017-06-09,6592
2017-06-10,5905
2017-06-11,7019
2017-06-12,9693
2017-06-13,9642
2017-06-14,9141
2017-06-15,7802
2017-06-16,7283
2017-06-17,5809
2017-06-18,6275
2017-06-19,7424
2017-06-20,8534
2017-06-21,8455
2017-06-22,8319
2017-06-23,7531
2017-06-24,6419
2017-06-25,5637
2017-06-26,7353
2017-06-27,8339
2017-06-28,8756
2017-06-29,7732
2017-06-30,6307
2017-07-01,4898
2017-07-02,5210
2017-07-03,6374
2017-07-04,7700
2017-07-05,6765
2017-07-06,6777
2017-07-07,6906
2017-07-08,5479
2017-07-09,7939
2017-07-10,7617
2017-07-11,8028
2017-07-12,7342
2017-07-13,7669
2017-07-14,6425
2017-07-15,5105
2017-07-16,5180
2017-07-17,6668
2017-07-18,6859
2017-07-19,6302
2017-07-20,6955
2017-07-21,6417
2017-07-22,5258
2017-07-23,5602
2017-07-24,6804
2017-07-25,6791
2017-07-26,6462
2017-07-27,6167
2017-07-28,5644
2017-07-29,4789
2017-07-30,4591
2017-07-31,5699
2017-08-01,6811
2017-08-02,7722
2017-08-03,6243
2017-08-04,5555
2017-08-05,5033
2017-08-06,5108
2017-08-07,6787
2017-08-08,7831
2017-08-09,7385
2017-08-10,7460
2017-08-11,7238
2017-08-12,5900
2017-08-13,6903
2017-08-14,9214
2017-08-15,8469
2017-08-16,8281
2017-08-17,8163
2017-08-18,7363
2017-08-19,6403
2017-08-20,6331
2017-08-21,7669
2017-08-22,8438
2017-08-23,8607
2017-08-24,8417
2017-08-25,7335
2017-08-26,6481
2017-08-27,6544
2017-08-28,7506
2017-08-29,8293
2017-08-30,8826
2017-08-31,9427
2017-09-01,8666
2017-09-02,7485
2017-09-03,7688
2017-09-04,9600
2017-09-05,10203
2017-09-06,9611
2017-09-07,9467
2017-09-08,8112
2017-09-09,6665
2017-09-10,6463
2017-09-11,7854
2017-09-12,8578
2017-09-13,10140
2017-09-14,9834
2017-09-15,9876
2017-09-16,8779
2017-09-17,8763
2017-09-18,12199
2017-09-19,10473
2017-09-20,9464
2017-09-21,8903
2017-09-22,7867
2017-09-23,6345
2017-09-24,6488
2017-09-25,8120
2017-09-26,9026
2017-09-27,9559
2017-09-28,8750
2017-09-29,8123
2017-09-30,6461
2017-10-01,6910
2017-10-02,8709
2017-10-03,9023
2017-10-04,8906
2017-10-05,8647
2017-10-06,8024
2017-10-07,6636
2017-10-08,6943
2017-10-09,8336
2017-10-10,9089
2017-10-11,9686
2017-10-12,11773
2017-10-13,12294
2017-10-14,9188
2017-10-15,9441
2017-10-16,11565
2017-10-17,11569
2017-10-18,10048
2017-10-19,9468
2017-10-20,10533
2017-10-21,9066
2017-10-22,8993
2017-10-23,11657
2017-10-24,11454
2017-10-25,10920
2017-10-26,10834
2017-10-27,9828
2017-10-28,7493
2017-10-29,8708
2017-10-30,10283
2017-10-31,10953
2017-11-01,12577
2017-11-02,15441
2017-11-03,13027
2017-11-04,10203
2017-11-05,10131
2017-11-06,12422
2017-11-07,13531
2017-11-08,13768
2017-11-09,12828
2017-11-10,13463
2017-11-11,9511
2017-11-12,12352
2017-11-13,13260
2017-11-14,12757
2017-11-15,11887
2017-11-16,11619
2017-11-17,12352
2017-11-18,10391
2017-11-19,9872
2017-11-20,13483
2017-11-21,14132
2017-11-22,13715
2017-11-23,13537
2017-11-24,11831
2017-11-25,11719
2017-11-26,14046
2017-11-27,24170
2017-11-28,26536
2017-11-29,40736
2017-11-30,35835
2017-12-01,26099
2017-12-02,20591
2017-12-03,20777
2017-12-04,31783
2017-12-05,29139
2017-12-06,32523
2017-12-07,46336
2017-12-08,45980
2017-12-09,33931
2017-12-10,29105
2017-12-11,36782
2017-12-12,45563
2017-12-13,44592
2017-12-14,40257
2017-12-15,33061
2017-12-16,29638
2017-12-17,28904
2017-12-18,33337
2017-12-19,34203
2017-12-20,36405
2017-12-21,31909
2017-12-22,38456
2017-12-23,28791
2017-12-24,21637
2017-12-25,19392
2017-12-26,23578
2017-12-27,24104
2017-12-28,23596
2017-12-29,24223
2017-12-30,23832
2017-12-31,17601
2018-01-01,17025
2018-01-02,26032
2018-01-03,28094
2018-01-04,31526
2018-01-05,30220
2018-01-06,25897
2018-01-07,27475
2018-01-08,29239
2018-01-09,30550
2018-01-10,34386
2018-01-11,33670
2018-01-12,31526
2018-01-13,29519
2018-01-14,26781
2018-01-15,31243
2018-01-16,32101
2018-01-17,31005
2018-01-18,26873
2018-01-19,22342
2018-01-20,18145
2018-01-21,17495
2018-01-22,19995
2018-01-23,19979
2018-01-24,20269
2018-01-25,19234
2018-01-26,16005
2018-01-27,15475
2018-01-28,15539
2018-01-29,17927
2018-01-30,15886
2018-01-31,16237
2018-02-01,18365
2018-02-02,17443
2018-02-03,12769
2018-02-04,12406
2018-02-05,14855
2018-02-06,17294
2018-02-07,15240
2018-02-08,14324
2018-02-09,13656
2018-02-10,10921
2018-02-11,11038
2018-02-12,14276
2018-02-13,12944
2018-02-14,12978
2018-02-15,15841
2018-02-16,10673
2018-02-17,8927
2018-02-18,9262
2018-02-19,10865
2018-02-20,12733
2018-02-21,12633
2018-02-22,12216
2018-02-23,9920
2018-02-24,8721
2018-02-25,9700
2018-02-26,12025
2018-02-27,14229
2018-02-28,11572
2018-03-01,9256
2018-03-02,10001
2018-03-03,7411
2018-03-04,7446
2018-03-05,8795
2018-03-06,8746
2018-03-07,9190
2018-03-08,8516
2018-03-09,7846
2018-03-10,6568
2018-03-11,6977
2018-03-12,10107
2018-03-13,11137
2018-03-14,12366
2018-03-15,10377
2018-03-16,8614
2018-03-17,7781
2018-03-18,10336
2018-03-19,16530
2018-03-20,13919
2018-03-21,12748
2018-03-22,22202
2018-03-23,7493
2018-03-24,10174
2018-03-25,6149
2018-03-26,7980
2018-03-27,10329
2018-03-28,10365
2018-03-29,8019
2018-03-30,7901
2018-03-31,6627
2018-04-01,7249
2018-04-02,10098
2018-04-03,10420
2018-04-04,8280
2018-04-05,9839
2018-04-06,8232
2018-04-07,12850
2018-04-08,7155
2018-04-09,8036
2018-04-10,9935
2018-04-11,7876
2018-04-12,12208
2018-04-13,7177
2018-04-14,5823
2018-04-15,6278
2018-04-16,9377
2018-04-17,9535
2018-04-18,8656
2018-04-19,7700
2018-04-20,7029
2018-04-21,6362
2018-04-22,7317
2018-04-23,11003
2018-04-24,9598
2018-04-25,11301
2018-04-26,8653
2018-04-27,5820
2018-04-28,5000
2018-04-29,5580
2018-04-30,6387
2018-05-01,5999
2018-05-02,6222
2018-05-03,6303
2018-05-04,5741
2018-05-05,5193
2018-05-06,5238
2018-05-07,6998
2018-05-08,7000
2018-05-09,6437
2018-05-10,7649
2018-05-11,6051
2018-05-12,5201
2018-05-13,4908
2018-05-14,6444
2018-05-15,6522
2018-05-16,6470
2018-05-17,6333
2018-05-18,5776
2018-05-19,4857
2018-05-20,4637
2018-05-21,6098
2018-05-22,6489
2018-05-23,6513
2018-05-24,5994
2018-05-25,6031
2018-05-26,3814
2018-05-27,4845
2018-05-28,5333
2018-05-29,5456
2018-05-30,5879
2018-05-31,5698
2018-06-01,4654
2018-06-02,4032
2018-06-03,4284
2018-06-04,6453
2018-06-05,6321
2018-06-06,7404
2018-06-07,6440
2018-06-08,6230
2018-06-09,4765
2018-06-10,4831
2018-06-11,6360
2018-06-12,6630
2018-06-13,6364
2018-06-14,5952
2018-06-15,4976
2018-06-16,3798
2018-06-17,4036
2018-06-18,7264
2018-06-19,5482
2018-06-20,7181
2018-06-21,5803
2018-06-22,5275
2018-06-23,4350
2018-06-24,4632
2018-06-25,5665
2018-06-26,5562
2018-06-27,5704
2018-06-28,5366
2018-06-29,4741
2018-06-30,3996
2018-07-01,4426
2018-07-02,5051
2018-07-03,5164
2018-07-04,5443
2018-07-05,5662
2018-07-06,5656
2018-07-07,4110
2018-07-08,4101
2018-07-09,4946
2018-07-10,5626
2018-07-11,4914
2018-07-12,4755
2018-07-13,5147
2018-07-14,4157
2018-07-15,4066
2018-07-16,4766
2018-07-17,5163
2018-07-18,5592
2018-07-19,5224
2018-07-20,5283
2018-07-21,5170
2018-07-22,4392
2018-07-23,5309
2018-07-24,5404
2018-07-25,5397
2018-07-26,5319
2018-07-27,5231
2018-07-28,4228
2018-07-29,4118
2018-07-30,5732
2018-07-31,5650
2018-08-01,5291
2018-08-02,5265
2018-08-03,4674
2018-08-04,3848
2018-08-05,4122
2018-08-06,5317
2018-08-07,5444
2018-08-08,5562
2018-08-09,5222
2018-08-10,4861
2018-08-11,4343
2018-08-12,4335
2018-08-13,5323
2018-08-14,5453
2018-08-15,5341
2018-08-16,5508
2018-08-17,4746
2018-08-18,4170
2018-08-19,4185
2018-08-20,5300
2018-08-21,5694
2018-08-22,6054
2018-08-23,5114
2018-08-24,5756
2018-08-25,3918
2018-08-26,3946
2018-08-27,5616
2018-08-28,5823
2018-08-29,6797
2018-08-30,6210
2018-08-31,5899
2018-09-01,4671
2018-09-02,4651
2018-09-03,5651
2018-09-04,5940
2018-09-05,5295
2018-09-06,5029
2018-09-07,6614
2018-09-08,4190
2018-09-09,4150
2018-09-10,5630
2018-09-11,5520
2018-09-12,6195
2018-09-13,5342
2018-09-14,5127
2018-09-15,4529
2018-09-16,4513
2018-09-17,8029
2018-09-18,6035
2018-09-19,5516
2018-09-20,5595
2018-09-21,5350
2018-09-22,4187
2018-09-23,3946
2018-09-24,5251
2018-09-25,5748
2018-09-26,5069
2018-09-27,5261
2018-09-28,4377
2018-09-29,3950
2018-09-30,3664
2018-10-01,4501
2018-10-02,4421
2018-10-03,4706
2018-10-04,4759
2018-10-05,4208
2018-10-06,3604
2018-10-07,3585
2018-10-08,4643
2018-10-09,5824
2018-10-10,4996
2018-10-11,5111
2018-10-12,4415
2018-10-13,3708
2018-10-14,4076
2018-10-15,5190
2018-10-16,4997
2018-10-17,5004
2018-10-18,5245
2018-10-19,5155
2018-10-20,4241
2018-10-21,4052
2018-10-22,6266
2018-10-23,5532
2018-10-24,5089
2018-10-25,5028
2018-10-26,5242
2018-10-27,3475
2018-10-28,3879
2018-10-29,4771
2018-10-30,4734
2018-10-31,4709
2018-11-01,4995
2018-11-02,4947
2018-11-03,3467
2018-11-04,3476
2018-11-05,3996
2018-11-06,4300
2018-11-07,3906
2018-11-08,4082
2018-11-09,4522
2018-11-10,3710
2018-11-11,4198
2018-11-12,4312
2018-11-13,4737
2018-11-14,4803
2018-11-15,5137
2018-11-16,4850
2018-11-17,3663
2018-11-18,3787
2018-11-19,4994
2018-11-20,4516
2018-11-21,4217
2018-11-22,4547
2018-11-23,3774
2018-11-24,4014
2018-11-25,3775
2018-11-26,5123
2018-11-27,4931
2018-11-28,4747
2018-11-29,4510
2018-11-30,6144
2018-12-01,3775
2018-12-02,4098
2018-12-03,4953
2018-12-04,4560
2018-12-05,4449
2018-12-06,4392
2018-12-07,4122
2018-12-08,3264
2018-12-09,3251
2018-12-10,4758
2018-12-11,4028
2018-12-12,3756
2018-12-13,4117
2018-12-14,3983
2018-12-15,2963
2018-12-16,3275
2018-12-17,4132
2018-12-18,4074
2018-12-19,3828
2018-12-20,3603
2018-12-21,3185
2018-12-22,2845
2018-12-23,2618
2018-12-24,3024
2018-12-25,2829
2018-12-26,3416
2018-12-27,3761
2018-12-28,3607
2018-12-29,3412
2018-12-30,3009
2018-12-31,2964
2019-01-01,2992
2019-01-02,3782
2019-01-03,5517
2019-01-04,4034
2019-01-05,3296
2019-01-06,3201
2019-01-07,3913
2019-01-08,4217
2019-01-09,4998
2019-01-10,4661
2019-01-11,4022
2019-01-12,3380
2019-01-13,3562
2019-01-14,3891
2019-01-15,5250
2019-01-16,4092
2019-01-17,4003
2019-01-18,4254
2019-01-19,2824
2019-01-20,3130
2019-01-21,4271
2019-01-22,3953
2019-01-23,3795
2019-01-24,3903
2019-01-25,4294
2019-01-26,2764
2019-01-27,3095
2019-01-28,3889
2019-01-29,4003
2019-01-30,4269
2019-01-31,3935
2019-02-01,3803
2019-02-02,3017
2019-02-03,3901
2019-02-04,5267
2019-02-05,9779
2019-02-06,7358
2019-02-07,6035
2019-02-08,4166
2019-02-09,3426
2019-02-10,3409
2019-02-11,4857
2019-02-12,4424
2019-02-13,4005
2019-02-14,4160
2019-02-15,3844
2019-02-16,3030
2019-02-17,3539
2019-02-18,4118
2019-02-19,4384
2019-02-20,4029
2019-02-21,4161
2019-02-22,3497
2019-02-23,2963
2019-02-24,3969
2019-02-25,3587
2019-02-26,3647
2019-02-27,3686
2019-02-28,3490
2019-03-01,3449
2019-03-02,3151
2019-03-03,3055
2019-03-04,3863
2019-03-05,4211
2019-03-06,3771
2019-03-07,3849
2019-03-08,3475
2019-03-09,3055
2019-03-10,3292
2019-03-11,3928
2019-03-12,4252
2019-03-13,4599
2019-03-14,3919
2019-03-15,3574
2019-03-16,3418
2019-03-17,3537
2019-03-18,3951
2019-03-19,3959
2019-03-20,3449
2019-03-21,3518
2019-03-22,3441
2019-03-23,2866
2019-03-24,3048
2019-03-25,4060
2019-03-26,3789
2019-03-27,4224
2019-03-28,3788
2019-03-29,3507
2019-03-30,3544
2019-03-31,3811
2019-04-01,4315
2019-04-02,4613
2019-04-03,4907
2019-04-04,4535
2019-04-05,3731
2019-04-06,3561
2019-04-07,3321
2019-04-08,4578
2019-04-09,4974
2019-04-10,4854
2019-04-11,4300
2019-04-12,4049
2019-04-13,3654
2019-04-14,3411
2019-04-15,3954
2019-04-16,3959
2019-04-17,3889
2019-04-18,3825
2019-04-19,4261
2019-04-20,3336
2019-04-21,3389
2019-04-22,3912
2019-04-23,3931
2019-04-24,3912
2019-04-25,3682
2019-04-26,3878
2019-04-27,3203
2019-04-28,3223
2019-04-29,3932
2019-04-30,3706
2019-05-01,4040
2019-05-02,6680
2019-05-03,3741
2019-05-04,3579
2019-05-05,3106
2019-05-06,4125
2019-05-07,4199
2019-05-08,4018
2019-05-09,3943
2019-05-10,3379
2019-05-11,2927
2019-05-12,3387
2019-05-13,3812
2019-05-14,4457
2019-05-15,4371
2019-05-16,4290
2019-05-17,4512
2019-05-18,3211
2019-05-19,4436
2019-05-20,4635
2019-05-21,4243
2019-05-22,4270
2019-05-23,4099
2019-05-24,4329
2019-05-25,3446
2019-05-26,3677
2019-05-27,5011
2019-05-28,5037
2019-05-29,4949
2019-05-30,4313
2019-05-31,3586
2019-06-01,2939
2019-06-02,2671
2019-06-03,3467
2019-06-04,3938
2019-06-05,3552
2019-06-06,3649
2019-06-07,4195
2019-06-08,3865
2019-06-09,3059
2019-06-10,3945
2019-06-11,4385
2019-06-12,4035
2019-06-13,4264
2019-06-14,4106
2019-06-15,4021
2019-06-16,3700
2019-06-17,4928
2019-06-18,9456
2019-06-19,8908
2019-06-20,6217
2019-06-21,4949
2019-06-22,5042
2019-06-23,4438
2019-06-24,5431
2019-06-25,5539
2019-06-26,6237
2019-06-27,5465
2019-06-28,4570
2019-06-29,3512
2019-06-30,3340
2019-07-01,4234
2019-07-02,4773
2019-07-03,4563
2019-07-04,4398
2019-07-05,4129
2019-07-06,3527
2019-07-07,3738
2019-07-08,4486
2019-07-09,4572
2019-07-10,5320
2019-07-11,4798
2019-07-12,5227
2019-07-13,3960
2019-07-14,3689
2019-07-15,4734
2019-07-16,5176
2019-07-17,5085
2019-07-18,4929
2019-07-19,3926
2019-07-20,3387
2019-07-21,3703
2019-07-22,4100
2019-07-23,5521
2019-07-24,4788
2019-07-25,4583
2019-07-26,4021
2019-07-27,3792
2019-07-28,3222
2019-07-29,5221
2019-07-30,4883
2019-07-31,4078
2019-08-01,3927
2019-08-02,5247
2019-08-03,3469
2019-08-04,3196
2019-08-05,4189
2019-08-06,3910
2019-08-07,3680
2019-08-08,3647
2019-08-09,3492
2019-08-10,2707
2019-08-11,2781
2019-08-12,3278
2019-08-13,3671
2019-08-14,3467
2019-08-15,3309
2019-08-16,3385
2019-08-17,2826
2019-08-18,2984
2019-08-19,4243
2019-08-20,4216
2019-08-21,4029
2019-08-22,4001
2019-08-23,3619
2019-08-24,2912
2019-08-25,3016
2019-08-26,4550
2019-08-27,4174
2019-08-28,4297
2019-08-29,3801
2019-08-30,3562
2019-08-31,3024
2019-09-01,3224
2019-09-02,4343
2019-09-03,4583
2019-09-04,4265
2019-09-05,4305
2019-09-06,3888
2019-09-07,3392
2019-09-08,3051
2019-09-09,4114
2019-09-10,4147
2019-09-11,3916
2019-09-12,3968
2019-09-13,3740
2019-09-14,3219
2019-09-15,3320
2019-09-16,4298
2019-09-17,4042
2019-09-18,4090
2019-09-19,4412
2019-09-20,3909
2019-09-21,3158
2019-09-22,3478
2019-09-23,4277
2019-09-24,4375
2019-09-25,4350
2019-09-26,4386
2019-09-27,3840
2019-09-28,2978
2019-09-29,3497
2019-09-30,3892
2019-10-01,4091
2019-10-02,3996
2019-10-03,4018
2019-10-04,4138
2019-10-05,3545
2019-10-06,3415
2019-10-07,3758
2019-10-08,3655
2019-10-09,4097
2019-10-10,4189
2019-10-11,3923
2019-10-12,3699
2019-10-13,3594
2019-10-14,4639
2019-10-15,4286
2019-10-16,4204
2019-10-17,4141
2019-10-18,3844
2019-10-19,2964
2019-10-20,3582
2019-10-21,4375
2019-10-22,4130
2019-10-23,6513
2019-10-24,5822
2019-10-25,4084
2019-10-26,3753
2019-10-27,3411
2019-10-28,4154
2019-10-29,4284
2019-10-30,4477
2019-10-31,3870
2019-11-01,3430
2019-11-02,3155
2019-11-03,3420
2019-11-04,4548
2019-11-05,4906
2019-11-06,4486
2019-11-07,4165
2019-11-08,3706
2019-11-09,3119
2019-11-10,3128
2019-11-11,4412
2019-11-12,4495
2019-11-13,4335
2019-11-14,4307
2019-11-15,3833
2019-11-16,3134
2019-11-17,3222
2019-11-18,3952
2019-11-19,4121
2019-11-20,4109
2019-11-21,4141
2019-11-22,3630
2019-11-23,3027
2019-11-24,3717
2019-11-25,4652
2019-11-26,4117
2019-11-27,4274
2019-11-28,4037
2019-11-29,4442
2019-11-30,5029
2019-12-01,3754
2019-12-02,4459
2019-12-03,4597
2019-12-04,4711
2019-12-05,4785
2019-12-06,4909
2019-12-07,3902
2019-12-08,3601
2019-12-09,4286
2019-12-10,4087
2019-12-11,4252
2019-12-12,4106
2019-12-13,3529
2019-12-14,3463
2019-12-15,3365
2019-12-16,3760
2019-12-17,4112
2019-12-18,4405
2019-12-19,3373
2019-12-20,3049
2019-12-21,2856
2019-12-22,2890
2019-12-23,3201
2019-12-24,3436
2019-12-25,8790
2019-12-26,6167
2019-12-27,4919
2019-12-28,3708
2019-12-29,3435
2019-12-30,4854
2019-12-31,6804
2020-01-01,7279
2020-01-02,7795
2020-01-03,8738
2020-01-04,4578
2020-01-05,3697
2020-01-06,5187
2020-01-07,10128
2020-01-08,10776
2020-01-09,11240
2020-01-10,8594
2020-01-11,4031
2020-01-12,10830
2020-01-13,10911
2020-01-14,11726
2020-01-15,7843
2020-01-16,4979
2020-01-17,4074
2020-01-18,3361
2020-01-19,3235
2020-01-20,4023
2020-01-21,4171
2020-01-22,4240
2020-01-23,3763
2020-01-24,3572
2020-01-25,3324
2020-01-26,3460
2020-01-27,4213
2020-01-28,4223
2020-01-29,4278
2020-01-30,3974
2020-01-31,3599
2020-02-01,3139
2020-02-02,2860
2020-02-03,3171
2020-02-04,3292
2020-02-05,3384
2020-02-06,3332
2020-02-07,3420
2020-02-08,2872
2020-02-09,3059
2020-02-10,3874
2020-02-11,3799
2020-02-12,3958
2020-02-13,3930
2020-02-14,3265
2020-02-15,3066
2020-02-16,3109
2020-02-17,3603
2020-02-18,3775
2020-02-19,4067
2020-02-20,3672
2020-02-21,3226
2020-02-22,2970
2020-02-23,2913
2020-02-24,3930
2020-02-25,3672
2020-02-26,3560
2020-02-27,3382
2020-02-28,3208
2020-02-29,2596
2020-03-01,2685
2020-03-02,3219
2020-03-03,3308
2020-03-04,10156
2020-03-05,7772
2020-03-06,5437
2020-03-07,4021
2020-03-08,3488
2020-03-09,4343
2020-03-10,3863
2020-03-11,3941
2020-03-12,3786
2020-03-13,3782
2020-03-14,2971
2020-03-15,2873
2020-03-16,3325
2020-03-17,3135
2020-03-18,3110
2020-03-19,3479
2020-03-20,3577
2020-03-21,2776
2020-03-22,2898
2020-03-23,3994
2020-03-24,3751
2020-03-25,3717
2020-03-26,3396
2020-03-27,3615
2020-03-28,3180
2020-03-29,3331
2020-03-30,3409
2020-03-31,3566
2020-04-01,3893
2020-04-02,3612
2020-04-03,3471
2020-04-04,4009
2020-04-05,3400
2020-04-06,3758
2020-04-07,3675
2020-04-08,3749
2020-04-09,3736
2020-04-10,3750
2020-04-11,3902
2020-04-12,3991
2020-04-13,4219
2020-04-14,4201
2020-04-15,3980
2020-04-16,3976
2020-04-17,4252
2020-04-18,4061
2020-04-19,3759
2020-04-20,4175
2020-04-21,4380
2020-04-22,4397
2020-04-23,4126
2020-04-24,4482
2020-04-25,4169
2020-04-26,4410
2020-04-27,4595
2020-04-28,4562
2020-04-29,5229
2020-04-30,5691
2020-05-01,4938
2020-05-02,4560
2020-05-03,4900
2020-05-04,5123
2020-05-05,4921
2020-05-06,4982
2020-05-07,5055
2020-05-08,5199
2020-05-09,4545
2020-05-10,4466
2020-05-11,4957
2020-05-12,5100
2020-05-13,4623
2020-05-14,4540
2020-05-15,4351
2020-05-16,4255
2020-05-17,4859
2020-05-18,4971
2020-05-19,4765
2020-05-20,4498
2020-05-21,4545
2020-05-22,3978
2020-05-23,3993
2020-05-24,4035
2020-05-25,4297
2020-05-26,4737
2020-05-27,4582
2020-05-28,4433
2020-05-29,4023
2020-05-30,4056
2020-05-31,3634
2020-06-01,3864
2020-06-02,3927
2020-06-03,3803
2020-06-04,3832
2020-06-05,3554
2020-06-06,3204
2020-06-07,3731
2020-06-08,3865
2020-06-09,3893
2020-06-10,4105
2020-06-11,4237
2020-06-12,4301
2020-06-13,3801
2020-06-14,3519
2020-06-15,3778
2020-06-16,3668
2020-06-17,3701
2020-06-18,3867
2020-06-19,3621
2020-06-20,3263
2020-06-21,3570
2020-06-22,3980
2020-06-23,4227
2020-06-24,3868
2020-06-25,3775
2020-06-26,3707
2020-06-27,3614
2020-06-28,3722
2020-06-29,3803
2020-06-30,3876
2020-07-01,3614
2020-07-02,3687
2020-07-03,3668
2020-07-04,3590
2020-07-05,3570
2020-07-06,4141
2020-07-07,4291
2020-07-08,5340
2020-07-09,5122
2020-07-10,4532
2020-07-11,4224
2020-07-12,3827
2020-07-13,4331
2020-07-14,4536
2020-07-15,5098
2020-07-16,6436
2020-07-17,4883
2020-07-18,4936
2020-07-19,4642
2020-07-20,4600
2020-07-21,4839
2020-07-22,4834
2020-07-23,5544
2020-07-24,4724
2020-07-25,5630
2020-07-26,5697
2020-07-27,6219
2020-07-28,5902
2020-07-29,5626
2020-07-30,5089
2020-07-31,5077
2020-08-01,5150
2020-08-02,5212
2020-08-03,5226
2020-08-04,5468
2020-08-05,5327
2020-08-06,5205
2020-08-07,4834
2020-08-08,4840
2020-08-09,4815
2020-08-10,5228
2020-08-11,5297
2020-08-12,5150
2020-08-13,5435
2020-08-14,5355
2020-08-15,4702
2020-08-16,5169
2020-08-17,5780
2020-08-18,5294
2020-08-19,5249
2020-08-20,4980
2020-08-21,4753
2020-08-22,4311
2020-08-23,4830
2020-08-24,4945
2020-08-25,4924
2020-08-26,5393
2020-08-27,4957
2020-08-28,4947
2020-08-29,4474
2020-08-30,4171
2020-08-31,4601
2020-09-01,4587
2020-09-02,5244
2020-09-03,6370
2020-09-04,4643
2020-09-05,3941
2020-09-06,3814
2020-09-07,4321
2020-09-08,4502
2020-09-09,4299
2020-09-10,4481
2020-09-11,4289
2020-09-12,4171
2020-09-13,4428
2020-09-14,4544
2020-09-15,4887
2020-09-16,4712
2020-09-17,4947
2020-09-18,4730
2020-09-19,3742
2020-09-20,3638
2020-09-21,4106
2020-09-22,4221
2020-09-23,4008
2020-09-24,4075
2020-09-25,3908
2020-09-26,3675
2020-09-27,3617
2020-09-28,3812
2020-09-29,4215
2020-09-30,3901
2020-10-01,3603
2020-10-02,3372
2020-10-03,3119
2020-10-04,3178
2020-10-05,3452
2020-10-06,3770
2020-10-07,3767
2020-10-08,3716
2020-10-09,3763
2020-10-10,3286
2020-10-11,3241
2020-10-12,3918
2020-10-13,4346
2020-10-14,4305
2020-10-15,3762
2020-10-16,3559
2020-10-17,11378
2020-10-18,3536
2020-10-19,3995
2020-10-20,3926
2020-10-21,4895
2020-10-22,5279
2020-10-23,4582
2020-10-24,3645
2020-10-25,3643
2020-10-26,4340
2020-10-27,4498
2020-10-28,4526
2020-10-29,4256
2020-10-30,4102
2020-10-31,3677
2020-11-01,3829
2020-11-02,4157
2020-11-03,4184
2020-11-04,4884
2020-11-05,4738
2020-11-06,4978
2020-11-07,4483
2020-11-08,4002
2020-11-09,4673
2020-11-10,4436
2020-11-11,4944
2020-11-12,4769
2020-11-13,4946
2020-11-14,4196
2020-11-15,4522
2020-11-16,4991
2020-11-17,5972
2020-11-18,6552
2020-11-19,5799
2020-11-20,5363
2020-11-21,5596
2020-11-22,5644
2020-11-23,6715
2020-11-24,7877
2020-11-25,6699
2020-11-26,6135
2020-11-27,5347
2020-11-28,5270
2020-11-29,5407
2020-11-30,6398
2020-12-01,6963
2020-12-02,6342
2020-12-03,7246
2020-12-04,7123
2020-12-05,6181
2020-12-06,5642
2020-12-07,6705
2020-12-08,6325
2020-12-09,6238
2020-12-10,6184
2020-12-11,5948
2020-12-12,5090
2020-12-13,5504
2020-12-14,6060
2020-12-15,5818
2020-12-16,7293
2020-12-17,9584
2020-12-18,8135
2020-12-19,6747
2020-12-20,7062
2020-12-21,7496
2020-12-22,7045
2020-12-23,6237
2020-12-24,5371
2020-12-25,4761
2020-12-26,5929
2020-12-27,7007
2020-12-28,7861
2020-12-29,7664
2020-12-30,8005
2020-12-31,7080
2021-01-01,6374
2021-01-02,11939
2021-01-03,14554
2021-01-04,13487
2021-01-05,11945
2021-01-06,11369
2021-01-07,14700
2021-01-08,15065
2021-01-09,12950
2021-01-10,12002
2021-01-11,13105
2021-01-12,12411
2021-01-13,11937
2021-01-14,12798
2021-01-15,11927
2021-01-16,9740
2021-01-17,8829
2021-01-18,8871
2021-01-19,9932
2021-01-20,8780
2021-01-21,9020
2021-01-22,8987
2021-01-23,7767
2021-01-24,7528
2021-01-25,8387
2021-01-26,7970
2021-01-27,8140
2021-01-28,12268
2021-01-29,29183
2021-01-30,19202
2021-01-31,16341
2021-02-01,14923
2021-02-02,12339
2021-02-03,12058
2021-02-04,16030
2021-02-05,16414
2021-02-06,17686
2021-02-07,17648
2021-02-08,25027
2021-02-09,26315
2021-02-10,21683
2021-02-11,20977
2021-02-12,19660
2021-02-13,18330
2021-02-14,15448
2021-02-15,16108
2021-02-16,16790
2021-02-17,17146
2021-02-18,16761
2021-02-19,18604
2021-02-20,21681
2021-02-21,20038
2021-02-22,19981
2021-02-23,19082
2021-02-24,18295
2021-02-25,17559
2021-02-26,15567
2021-02-27,14827
2021-02-28,13497
2021-03-01,14868
2021-03-02,14717
2021-03-03,14212
2021-03-04,14158
2021-03-05,12652
2021-03-06,14246
2021-03-07,12440
2021-03-08,11875
2021-03-09,13136
2021-03-10,12770
2021-03-11,13324
2021-03-12,10562
2021-03-13,10226
2021-03-14,11951
2021-03-15,12472
2021-03-16,11913
2021-03-17,11037
2021-03-18,10387
2021-03-19,9419
2021-03-20,9098
2021-03-21,9180
2021-03-22,9671
2021-03-23,9613
2021-03-24,9405
2021-03-25,8986
2021-03-26,8243
2021-03-27,8472
2021-03-28,8505
2021-03-29,8821
2021-03-30,9523
2021-03-31,9540
2021-04-01,9135
2021-04-02,8979
2021-04-03,8779
2021-04-04,8952
2021-04-05,10388
2021-04-06,11533
2021-04-07,11525
2021-04-08,11073
2021-04-09,10194
2021-04-10,10637
2021-04-11,11581
2021-04-12,11622
2021-04-13,13862
2021-04-14,20272
2021-04-15,20191
2021-04-16,33702
2021-04-17,28938
2021-04-18,26662
2021-04-19,27492
2021-04-20,24894
2021-04-21,19454
2021-04-22,17283
2021-04-23,17476
2021-04-24,15529
2021-04-25,15399
2021-04-26,15878
2021-04-27,17740
2021-04-28,20072
2021-04-29,16783
2021-04-30,16133
2021-05-01,16716
2021-05-02,17007
2021-05-03,19925
2021-05-04,28497
2021-05-05,37276
2021-05-06,35117
2021-05-07,33505
2021-05-08,36415
2021-05-09,40883
2021-05-10,38948
2021-05-11,28292
2021-05-12,23762
2021-05-13,42561
2021-05-14,37786
2021-05-15,34781
2021-05-16,32034
2021-05-17,31551
2021-05-18,25183
2021-05-19,46149
2021-05-20,47452
2021-05-21,31215
2021-05-22,27819
2021-05-23,26814
2021-05-24,27335
2021-05-25,28412
2021-05-26,21001
2021-05-27,16815
2021-05-28,18214
2021-05-29,19921
2021-05-30,16996
2021-05-31,13793
2021-06-01,13019
2021-06-02,12429
2021-06-03,14583
2021-06-04,18397
2021-06-05,16771
2021-06-06,16413
2021-06-07,16726
2021-06-08,17698
2021-06-09,16221
2021-06-10,16763
2021-06-11,14837
2021-06-12,13261
2021-06-13,14334
2021-06-14,15059
2021-06-15,13546
2021-06-16,13421
2021-06-17,12132
2021-06-18,11570
2021-06-19,12573
2021-06-20,12133
2021-06-21,14454
2021-06-22,16323
2021-06-23,13952
2021-06-24,12692
2021-06-25,10903
2021-06-26,9608
2021-06-27,9600
2021-06-28,9754
2021-06-29,9761
2021-06-30,9129
2021-07-01,10136
2021-07-02,9618
2021-07-03,8561
2021-07-04,8989
2021-07-05,10030
2021-07-06,9155
2021-07-07,8585
2021-07-08,9216
2021-07-09,9178
2021-07-10,8894
2021-07-11,9023
2021-07-12,9706
2021-07-13,10630
2021-07-14,10316
2021-07-15,9480
2021-07-16,8629
2021-07-17,7673
2021-07-18,8047
2021-07-19,8551
2021-07-20,8827
2021-07-21,8984
2021-07-22,9582
2021-07-23,9184
2021-07-24,7870
2021-07-25,8400
2021-07-26,10219
2021-07-27,9620
2021-07-28,8959
2021-07-29,9288
2021-07-30,9164
2021-07-31,8850
2021-08-01,8862
2021-08-02,10553
2021-08-03,11391
2021-08-04,9587
2021-08-05,9294
2021-08-06,8547
2021-08-07,8937
2021-08-08,10704
2021-08-09,12213
2021-08-10,10451
2021-08-11,12059
2021-08-12,11101
2021-08-13,10709
2021-08-14,10129
2021-08-15,9714
2021-08-16,11102
2021-08-17,10905
2021-08-18,9321
2021-08-19,10314
2021-08-20,9551
2021-08-21,8656
2021-08-22,8442
2021-08-23,10815
2021-08-24,11845
2021-08-25,11575
2021-08-26,9820
2021-08-27,9051
2021-08-28,8557
2021-08-29,8826
2021-08-30,9410
2021-08-31,9678
2021-09-01,9301
2021-09-02,9497
2021-09-03,9318
2021-09-04,8897
2021-09-05,10122
2021-09-06,9999
2021-09-07,11440
2021-09-08,10457
2021-09-09,11935
2021-09-10,10943
2021-09-11,10321
2021-09-12,10685
2021-09-13,11083
2021-09-14,10229
2021-09-15,10098
2021-09-16,10353
2021-09-17,10049
2021-09-18,9143
2021-09-19,9748
2021-09-20,10682
2021-09-21,10704
2021-09-22,10987
2021-09-23,11154
2021-09-24,13381
2021-09-25,12503
2021-09-26,11719
2021-09-27,12577
2021-09-28,10861
2021-09-29,10443
2021-09-30,9843
2021-10-01,9228
2021-10-02,8076
2021-10-03,8012
2021-10-04,10595
2021-10-05,12249
2021-10-06,13693
2021-10-07,13383
2021-10-08,11424
2021-10-09,10890
2021-10-10,11004
2021-10-11,11960
2021-10-12,11951
2021-10-13,11448
2021-10-14,10434
2021-10-15,11096
2021-10-16,10824
2021-10-17,10476
2021-10-18,11494
2021-10-19,11819
2021-10-20,12412
2021-10-21,12569
2021-10-22,11227
2021-10-23,11218
2021-10-24,13531
2021-10-25,14789
2021-10-26,16152
2021-10-27,19549
2021-10-28,21386
2021-10-29,19539
2021-10-30,18515
2021-10-31,20720
2021-11-01,21824
2021-11-02,19794
2021-11-03,14675
2021-11-04,11893
2021-11-05,11906
2021-11-06,12832
2021-11-07,14001
2021-11-08,15431
2021-11-09,17991
2021-11-10,19845
2021-11-11,17789
2021-11-12,17801
2021-11-13,16717
2021-11-14,17020
2021-11-15,16817
2021-11-16,17809
2021-11-17,20946
2021-11-18,23183
2021-11-19,17840
2021-11-20,17201
2021-11-21,15112
2021-11-22,15035
2021-11-23,20947
2021-11-24,37856
2021-11-25,25236
2021-11-26,19090
2021-11-27,16412
2021-11-28,14324
2021-11-29,15586
2021-11-30,17271
2021-12-01,14522
2021-12-02,13959
2021-12-03,12709
2021-12-04,14068
2021-12-05,13520
2021-12-06,14145
2021-12-07,14621
2021-12-08,13812
2021-12-09,13475
2021-12-10,12761
2021-12-11,9715
2021-12-12,9428
2021-12-13,10730
2021-12-14,11187
2021-12-15,10621
2021-12-16,9904
2021-12-17,9568
2021-12-18,8192
2021-12-19,7631
2021-12-20,8224
2021-12-21,7863
2021-12-22,8198
2021-12-23,7732
2021-12-24,7325
2021-12-25,7193
2021-12-26,8594
2021-12-27,9139
2021-12-28,9749
2021-12-29,8979
2021-12-30,8701
2021-12-31,8085
2022-01-01,7865
2022-01-02,9388
2022-01-03,9360
2022-01-04,9195
2022-01-05,9957
2022-01-06,10629
2022-01-07,9234
2022-01-08,9137
2022-01-09,10884
2022-01-10,9380
2022-01-11,10091
2022-01-12,9525
2022-01-13,9541
2022-01-14,8475
2022-01-15,7568
2022-01-16,7890
2022-01-17,9716
2022-01-18,8656
2022-01-19,7903
2022-01-20,8127
2022-01-21,9246
2022-01-22,10602
2022-01-23,10504
2022-01-24,11542
2022-01-25,11568
2022-01-26,11419
2022-01-27,10736
2022-01-28,9821
2022-01-29,8912
2022-01-30,9094
2022-01-31,10031
2022-02-01,23498
2022-02-02,17489
2022-02-03,13653
2022-02-04,10820
2022-02-05,9767
2022-02-06,8947
2022-02-07,9879
2022-02-08,11155
2022-02-09,12333
2022-02-10,8810
2022-02-11,8028
2022-02-12,7170
2022-02-13,7940
2022-02-14,10332
2022-02-15,9366
2022-02-16,8505
2022-02-17,8488
2022-02-18,7236
2022-02-19,6847
2022-02-20,7563
2022-02-21,8113
2022-02-22,8958
2022-02-23,8257
2022-02-24,8845
2022-02-25,7269
2022-02-26,6676
2022-02-27,6736
2022-02-28,7060
2022-03-01,7499
2022-03-02,7462
2022-03-03,7396
2022-03-04,6632
2022-03-05,5922
2022-03-06,6112
2022-03-07,6817
2022-03-08,6886
2022-03-09,8576
2022-03-10,8477
2022-03-11,7045
2022-03-12,7009
2022-03-13,6235
2022-03-14,6387
2022-03-15,6386
2022-03-16,6244
2022-03-17,5631
2022-03-18,5578
2022-03-19,5151
2022-03-20,5668
2022-03-21,6298
2022-03-22,6204
2022-03-23,6138
2022-03-24,6133
2022-03-25,6043
2022-03-26,5095
2022-03-27,5457
2022-03-28,6654
2022-03-29,6685
2022-03-30,6915
2022-03-31,6653
2022-04-01,6309
2022-04-02,5863
2022-04-03,5620
2022-04-04,6355
2022-04-05,6692
2022-04-06,8249
2022-04-07,7416
2022-04-08,6427
2022-04-09,6215
2022-04-10,6459
2022-04-11,6926
2022-04-12,6462
2022-04-13,6409
2022-04-14,6100
2022-04-15,6308
2022-04-16,5606
2022-04-17,5987
2022-04-18,6461
2022-04-19,6411
2022-04-20,6149
2022-04-21,6445
2022-04-22,6102
2022-04-23,5450
2022-04-24,5967
2022-04-25,6354
2022-04-26,7134
2022-04-27,6339
2022-04-28,6437
2022-04-29,5950
2022-04-30,4868
2022-05-01,4992
2022-05-02,5647
2022-05-03,5233
2022-05-04,5217
2022-05-05,5829
2022-05-06,5506
2022-05-07,4916
2022-05-08,5219
2022-05-09,6366
2022-05-10,6460
2022-05-11,6996
2022-05-12,10660
2022-05-13,10457
2022-05-14,8437
2022-05-15,7032
2022-05-16,7315
2022-05-17,6742
2022-05-18,7359
2022-05-19,6805
2022-05-20,5816
2022-05-21,5011
2022-05-22,4910
2022-05-23,5764
2022-05-24,5595
2022-05-25,5203
2022-05-26,5242
2022-05-27,4811
2022-05-28,4310
2022-05-29,4386
2022-05-30,5310
2022-05-31,4960
2022-06-01,4673
2022-06-02,4446
2022-06-03,4228
2022-06-04,4283
2022-06-05,5812
2022-06-06,4789
2022-06-07,4647
2022-06-08,4390
2022-06-09,4339
2022-06-10,3988
2022-06-11,3738
2022-06-12,4136
2022-06-13,6082
2022-06-14,7092
2022-06-15,6464
2022-06-16,5846
2022-06-17,5837
2022-06-18,5859
2022-06-19,5746
2022-06-20,5682
2022-06-21,5336
2022-06-22,5404
2022-06-23,4925
2022-06-24,4496
2022-06-25,3646
2022-06-26,3663
2022-06-27,4298
2022-06-28,4375
2022-06-29,4065
2022-06-30,4390
2022-07-01,4361
2022-07-02,4239
2022-07-03,3985
2022-07-04,4163
2022-07-05,4109
2022-07-06,4111
2022-07-07,4209
2022-07-08,3606
2022-07-09,3008
2022-07-10,3015
2022-07-11,3577
2022-07-12,3691
2022-07-13,3227
2022-07-14,3541
2022-07-15,2995
2022-07-16,3002
2022-07-17,2791
2022-07-18,3434
2022-07-19,3600
2022-07-20,3681
2022-07-21,3467
2022-07-22,3401
2022-07-23,3348
2022-07-24,3503
2022-07-25,3919
2022-07-26,3789
2022-07-27,3864
2022-07-28,3246
2022-07-29,3169
2022-07-30,3112
2022-07-31,3199
2022-08-01,3425
2022-08-02,3917
2022-08-03,3803
2022-08-04,3727
2022-08-05,3429
2022-08-06,3003
2022-08-07,3189
2022-08-08,3985
2022-08-09,4083
2022-08-10,3884
2022-08-11,3939
2022-08-12,3659
2022-08-13,3163
2022-08-14,3467
2022-08-15,3654
2022-08-16,3844
2022-08-17,3970
2022-08-18,4029
2022-08-19,3742
2022-08-20,3662
2022-08-21,3759
2022-08-22,3903
2022-08-23,4171
2022-08-24,4079
2022-08-25,3940
2022-08-26,3732
2022-08-27,3402
2022-08-28,3455
2022-08-29,3700
2022-08-30,3808
2022-08-31,3609
2022-09-01,3726
2022-09-02,3429
2022-09-03,3100
2022-09-04,3186
2022-09-05,3402
2022-09-06,3796
2022-09-07,3702
2022-09-08,3591
2022-09-09,3500
2022-09-10,3187
2022-09-11,3431
2022-09-12,3659
2022-09-13,4302
2022-09-14,4649
2022-09-15,4920
2022-09-16,4609
2022-09-17,3787
2022-09-18,3908
2022-09-19,4617
2022-09-20,4594
2022-09-21,5003
2022-09-22,4552
2022-09-23,3876
2022-09-24,3550
2022-09-25,3583
2022-09-26,4161
2022-09-27,4358
2022-09-28,4475
2022-09-29,3992
2022-09-30,3970
2022-10-01,3171
2022-10-02,3385
2022-10-03,4294
2022-10-04,3940
2022-10-05,3664
2022-10-06,3918
2022-10-07,3646
2022-10-08,3113
2022-10-09,3297
2022-10-10,3794
2022-10-11,3868
2022-10-12,4098
2022-10-13,4065
2022-10-14,3477
2022-10-15,3045
2022-10-16,3153
2022-10-17,3662
2022-10-18,3992
2022-10-19,4030
2022-10-20,4035
2022-10-21,3830
2022-10-22,3077
2022-10-23,3045
2022-10-24,3495
2022-10-25,3586
2022-10-26,4110
2022-10-27,3743
2022-10-28,3788
2022-10-29,3194
2022-10-30,3074
2022-10-31,3661
2022-11-01,3930
2022-11-02,4091
2022-11-03,4197
2022-11-04,3963
2022-11-05,3433
2022-11-06,3491
2022-11-07,4345
2022-11-08,4351
2022-11-09,5752
2022-11-10,6542
2022-11-11,7055
2022-11-12,10855
2022-11-13,11215
2022-11-14,10804
2022-11-15,10450
2022-11-16,9316
2022-11-17,8799
2022-11-18,7982
2022-11-19,5989
2022-11-20,5791
2022-11-21,6780
2022-11-22,6408
2022-11-23,5485
2022-11-24,4992
2022-11-25,4391
2022-11-26,4135
2022-11-27,4502
2022-11-28,5305
2022-11-29,5061
2022-11-30,4755
2022-12-01,5302
2022-12-02,3866
2022-12-03,3318
2022-12-04,3840
2022-12-05,4531
2022-12-06,4129
2022-12-07,3784
2022-12-08,3835
2022-12-09,3743
2022-12-10,3111
2022-12-11,3467
2022-12-12,4057
2022-12-13,8135
2022-12-14,6978
2022-12-15,5613
2022-12-16,4349
2022-12-17,4093
2022-12-18,4594
2022-12-19,4774
2022-12-20,6057
2022-12-21,5278
2022-12-22,5473
2022-12-23,3963
2022-12-24,3417
2022-12-25,3014
2022-12-26,3483
2022-12-27,3747
2022-12-28,4060
2022-12-29,4064
2022-12-30,4350
2022-12-31,3103
2023-01-01,3483
2023-01-02,4178
2023-01-03,4996
2023-01-04,4066
2023-01-05,3849
2023-01-06,3676
2023-01-07,3080
2023-01-08,3207
2023-01-09,3868
2023-01-10,3937
2023-01-11,5477
2023-01-12,4119
2023-01-13,3516
2023-01-14,3495
2023-01-15,3168
2023-01-16,3660
2023-01-17,3849
2023-01-18,4002
2023-01-19,4874
2023-01-20,4156
2023-01-21,3713
2023-01-22,3953
2023-01-23,4295
2023-01-24,3857
2023-01-25,3764
2023-01-26,3434
2023-01-27,3098
2023-01-28,3034
2023-01-29,3324
2023-01-30,3833
2023-01-31,3535
2023-02-01,3621
2023-02-02,4108
2023-02-03,4599
2023-02-04,3961
2023-02-05,3603
2023-02-06,3900
2023-02-07,4005
2023-02-08,3831
2023-02-09,3934
2023-02-10,3852
2023-02-11,3554
2023-02-12,3554
2023-02-13,3609
2023-02-14,3557
2023-02-15,3453
2023-02-16,3142
2023-02-17,2913
2023-02-18,3195
2023-02-19,3246
2023-02-20,3685
2023-02-21,3601
2023-02-22,3846
2023-02-23,3520
2023-02-24,3719
2023-02-25,3387
2023-02-26,3779
2023-02-27,3671
2023-02-28,3394
2023-03-01,2879
2023-03-02,3082
2023-03-03,2584
2023-03-04,2666
2023-03-05,2424
2023-03-06,2746
2023-03-07,2744
2023-03-08,2724
2023-03-09,2929
2023-03-10,2898
2023-03-11,3124
2023-03-12,3005
2023-03-13,4116
2023-03-14,4187
2023-03-15,3436
2023-03-16,3605
2023-03-17,3902
2023-03-18,3831
2023-03-19,3732
2023-03-20,4025
2023-03-21,3734
2023-03-22,3702
2023-03-23,3725
2023-03-24,3231
2023-03-25,2986
2023-03-26,2973
2023-03-27,3369
2023-03-28,3777
2023-03-29,3788
2023-03-30,3902
2023-03-31,3369
2023-04-01,2792
2023-04-02,3175
2023-04-03,4243
2023-04-04,4005
2023-04-05,3279
2023-04-06,3080
2023-04-07,2773
2023-04-08,2402
2023-04-09,2586
2023-04-10,3162
2023-04-11,3314
2023-04-12,2934
2023-04-13,2920
2023-04-14,2694
2023-04-15,2766
2023-04-16,2750
2023-04-17,3103
2023-04-18,3046
2023-04-19,3397
2023-04-20,3935
2023-04-21,2952
2023-04-22,2682
2023-04-23,2359
2023-04-24,2965
2023-04-25,2879
2023-04-26,2720
2023-04-27,2702
2023-04-28,2222
2023-04-29,2607
2023-04-30,2807
2023-05-01,3142
2023-05-02,3307
2023-05-03,3045
2023-05-04,2956
2023-05-05,2851
2023-05-06,2836
2023-05-07,2765
2023-05-08,3282
2023-05-09,3275
2023-05-10,3246
2023-05-11,3134
2023-05-12,2946
2023-05-13,2504
2023-05-14,2177
2023-05-15,2729
2023-05-16,3269
2023-05-17,3041
2023-05-18,2588
2023-05-19,2490
2023-05-20,2158
2023-05-21,2367
2023-05-22,2295
2023-05-23,2379
2023-05-24,2684
2023-05-25,2355
2023-05-26,2435
2023-05-27,2340
2023-05-28,2409
2023-05-29,2808
2023-05-30,2992
2023-05-31,4528
2023-06-01,2853
2023-06-02,2639
2023-06-03,2319
2023-06-04,2415
2023-06-05,2760
2023-06-06,3078
2023-06-07,3086
2023-06-08,2760
2023-06-09,2819
2023-06-10,2775
2023-06-11,2617
2023-06-12,2839
2023-06-13,3037
2023-06-14,3409
2023-06-15,3164
2023-06-16,3019
2023-06-17,2828
2023-06-18,2402
2023-06-19,2785
2023-06-20,3033
2023-06-21,3112
2023-06-22,2794
2023-06-23,2742
2023-06-24,4136
2023-06-25,4544
2023-06-26,2662
2023-06-27,3145
2023-06-28,2709
2023-06-29,2665
2023-06-30,2481
2023-07-01,2478
2023-07-02,2557
2023-07-03,2795
2023-07-04,2858
2023-07-05,2373
2023-07-06,2388
2023-07-07,2655
2023-07-08,2579
2023-07-09,2565
2023-07-10,2998
2023-07-11,2736
2023-07-12,4136
2023-07-13,3268
2023-07-14,3396
2023-07-15,2462
2023-07-16,2657
2023-07-17,3015
2023-07-18,3164
2023-07-19,3229
2023-07-20,3218
2023-07-21,2967
2023-07-22,2779
2023-07-23,2957
2023-07-24,3208
2023-07-25,3462
2023-07-26,3349
2023-07-27,3179
2023-07-28,3167
2023-07-29,3016
2023-07-30,3155
2023-07-31,3450
2023-08-01,3733
2023-08-02,3678
2023-08-03,3311
2023-08-04,3258
2023-08-05,2832
2023-08-06,3174
2023-08-07,3435
2023-08-08,3381
2023-08-09,3102
2023-08-10,3055
2023-08-11,3300
2023-08-12,2959
2023-08-13,2895
2023-08-14,3270
2023-08-15,3283
2023-08-16,3215
2023-08-17,3438
2023-08-18,3741
2023-08-19,3289
2023-08-20,2880
2023-08-21,3270
2023-08-22,3624
2023-08-23,3443
2023-08-24,3262
2023-08-25,3087
2023-08-26,2669
2023-08-27,2965
2023-08-28,2895
2023-08-29,2786
2023-08-30,2243
2023-08-31,2271
2023-09-01,2449
2023-09-02,2080
2023-09-03,2470
2023-09-04,2776
2023-09-05,2903
2023-09-06,2956
2023-09-07,3163
2023-09-08,3196
2023-09-09,2949
2023-09-10,2943
2023-09-11,3251
2023-09-12,3356
2023-09-13,2830
2023-09-14,2772
2023-09-15,2596
2023-09-16,2510
2023-09-17,2442
2023-09-18,2864
2023-09-19,3126
2023-09-20,3416
2023-09-21,3188
2023-09-22,2971
2023-09-23,2686
2023-09-24,3083
2023-09-25,3703
2023-09-26,3254
2023-09-27,3123
2023-09-28,2860
2023-09-29,2505
2023-09-30,2359
2023-10-01,2635
2023-10-02,2569
2023-10-03,3200
2023-10-04,3259
2023-10-05,3155
2023-10-06,2855
2023-10-07,2574
2023-10-08,2478
2023-10-09,2953
2023-10-10,3908
2023-10-11,3280
2023-10-12,3220
2023-10-13,2999
2023-10-14,2556
2023-10-15,2595
2023-10-16,2844
2023-10-17,3104
2023-10-18,3012
2023-10-19,2856
2023-10-20,2785
2023-10-21,2537
2023-10-22,2597
2023-10-23,3063
2023-10-24,3764
2023-10-25,3556
2023-10-26,3607
2023-10-27,3005
2023-10-28,2731
2023-10-29,2785
2023-10-30,3315
2023-10-31,3198
2023-11-01,3086
2023-11-02,3273
2023-11-03,5421
2023-11-04,4939
2023-11-05,3987
2023-11-06,4141
2023-11-07,4355
2023-11-08,3857
2023-11-09,3987
2023-11-10,4045
2023-11-11,3386
2023-11-12,3245
2023-11-13,3197
2023-11-14,3495
2023-11-15,3474
2023-11-16,3217
2023-11-17,2946
2023-11-18,2878
2023-11-19,2632
2023-11-20,3086
2023-11-21,3136
2023-11-22,3637
2023-11-23,2804
2023-11-24,2568
2023-11-25,2593
2023-11-26,2604
2023-11-27,3014
2023-11-28,3284
2023-11-29,3266
2023-11-30,3348
2023-12-01,2880
2023-12-02,2649
2023-12-03,2824
2023-12-04,3368
2023-12-05,3544
2023-12-06,3804
2023-12-07,3781
2023-12-08,3449
2023-12-09,3205
2023-12-10,3208
2023-12-11,3742
2023-12-12,3547
2023-12-13,3375
2023-12-14,3437
2023-12-15,2862
2023-12-16,2864
2023-12-17,2748
2023-12-18,3282
2023-12-19,2994
2023-12-20,3155
2023-12-21,2958
2023-12-22,2694
2023-12-23,2805
2023-12-24,3044
2023-12-25,3055
2023-12-26,3450
2023-12-27,3516
2023-12-28,3494
2023-12-29,3522
2023-12-30,3351
2023-12-31,2897
2024-01-01,2903
2024-01-02,3776
2024-01-03,6240
2024-01-04,4493
2024-01-05,4049
2024-01-06,3911
2024-01-07,3599
2024-01-08,4013
2024-01-09,4689
2024-01-10,4680
2024-01-11,5132
2024-01-12,4617
2024-01-13,3904
2024-01-14,3702
2024-01-15,3686
2024-01-16,4172
2024-01-17,4113
2024-01-18,4043
2024-01-19,3836
2024-01-20,3434
2024-01-21,3635
2024-01-22,4009
2024-01-23,4026
2024-01-24,3776
2024-01-25,3901
2024-01-26,3333
2024-01-27,3354
2024-01-28,2679
2024-01-29,2908
