Date,"Litecoin"
2015-07-01,276
2015-07-02,238
2015-07-03,229
2015-07-04,201
2015-07-05,245
2015-07-06,402
2015-07-07,344
2015-07-08,401
2015-07-09,492
2015-07-10,430
2015-07-11,280
2015-07-12,362
2015-07-13,327
2015-07-14,292
2015-07-15,236
2015-07-16,238
2015-07-17,250
2015-07-18,192
2015-07-19,186
2015-07-20,233
2015-07-21,245
2015-07-22,220
2015-07-23,248
2015-07-24,323
2015-07-25,250
2015-07-26,233
2015-07-27,229
2015-07-28,248
2015-07-29,636
2015-07-30,438
2015-07-31,220
2015-08-01,218
2015-08-02,199
2015-08-03,195
2015-08-04,219
2015-08-05,211
2015-08-06,223
2015-08-07,207
2015-08-08,166
2015-08-09,188
2015-08-10,226
2015-08-11,219
2015-08-12,212
2015-08-13,181
2015-08-14,212
2015-08-15,152
2015-08-16,190
2015-08-17,206
2015-08-18,214
2015-08-19,291
2015-08-20,248
2015-08-21,209
2015-08-22,173
2015-08-23,204
2015-08-24,226
2015-08-25,264
2015-08-26,202
2015-08-27,231
2015-08-28,189
2015-08-29,193
2015-08-30,174
2015-08-31,199
2015-09-01,221
2015-09-02,183
2015-09-03,185
2015-09-04,150
2015-09-05,186
2015-09-06,195
2015-09-07,213
2015-09-08,212
2015-09-09,193
2015-09-10,166
2015-09-11,182
2015-09-12,183
2015-09-13,186
2015-09-14,232
2015-09-15,188
2015-09-16,211
2015-09-17,208
2015-09-18,189
2015-09-19,159
2015-09-20,183
2015-09-21,233
2015-09-22,202
2015-09-23,178
2015-09-24,201
2015-09-25,195
2015-09-26,156
2015-09-27,186
2015-09-28,197
2015-09-29,214
2015-09-30,219
2015-10-01,196
2015-10-02,186
2015-10-03,167
2015-10-04,171
2015-10-05,234
2015-10-06,201
2015-10-07,226
2015-10-08,203
2015-10-09,193
2015-10-10,143
2015-10-11,170
2015-10-12,209
2015-10-13,221
2015-10-14,221
2015-10-15,206
2015-10-16,196
2015-10-17,137
2015-10-18,153
2015-10-19,196
2015-10-20,203
2015-10-21,204
2015-10-22,353
2015-10-23,439
2015-10-24,337
2015-10-25,328
2015-10-26,558
2015-10-27,412
2015-10-28,306
2015-10-29,402
2015-10-30,222
2015-10-31,204
2015-11-01,260
2015-11-02,268
2015-11-03,317
2015-11-04,380
2015-11-05,364
2015-11-06,279
2015-11-07,276
2015-11-08,256
2015-11-09,302
2015-11-10,290
2015-11-11,257
2015-11-12,243
2015-11-13,254
2015-11-14,192
2015-11-15,196
2015-11-16,192
2015-11-17,237
2015-11-18,219
2015-11-19,202
2015-11-20,207
2015-11-21,183
2015-11-22,201
2015-11-23,337
2015-11-24,193
2015-11-25,213
2015-11-26,211
2015-11-27,201
2015-11-28,197
2015-11-29,216
2015-11-30,246
2015-12-01,251
2015-12-02,249
2015-12-03,223
2015-12-04,212
2015-12-05,210
2015-12-06,210
2015-12-07,243
2015-12-08,298
2015-12-09,457
2015-12-10,350
2015-12-11,311
2015-12-12,291
2015-12-13,292
2015-12-14,311
2015-12-15,273
2015-12-16,253
2015-12-17,272
2015-12-18,192
2015-12-19,214
2015-12-20,213
2015-12-21,253
2015-12-22,249
2015-12-23,242
2015-12-24,228
2015-12-25,156
2015-12-26,255
2015-12-27,243
2015-12-28,267
2015-12-29,270
2015-12-30,246
2015-12-31,194
2016-01-01,238
2016-01-02,277
2016-01-03,274
2016-01-04,306
2016-01-05,284
2016-01-06,284
2016-01-07,306
2016-01-08,283
2016-01-09,254
2016-01-10,278
2016-01-11,285
2016-01-12,284
2016-01-13,281
2016-01-14,260
2016-01-15,376
2016-01-16,347
2016-01-17,320
2016-01-18,347
2016-01-19,260
2016-01-20,288
2016-01-21,286
2016-01-22,288
2016-01-23,254
2016-01-24,257
2016-01-25,267
2016-01-26,292
2016-01-27,256
2016-01-28,255
2016-01-29,243
2016-01-30,176
2016-01-31,173
2016-02-01,269
2016-02-02,258
2016-02-03,227
2016-02-04,232
2016-02-05,226
2016-02-06,194
2016-02-07,219
2016-02-08,223
2016-02-09,273
2016-02-10,262
2016-02-11,223
2016-02-12,268
2016-02-13,219
2016-02-14,248
2016-02-15,273
2016-02-16,247
2016-02-17,247
2016-02-18,283
2016-02-19,253
2016-02-20,211
2016-02-21,250
2016-02-22,230
2016-02-23,276
2016-02-24,243
2016-02-25,244
2016-02-26,211
2016-02-27,221
2016-02-28,221
2016-02-29,233
2016-03-01,244
2016-03-02,232
2016-03-03,281
2016-03-04,248
2016-03-05,251
2016-03-06,218
2016-03-07,275
2016-03-08,263
2016-03-09,293
2016-03-10,226
2016-03-11,201
2016-03-12,195
2016-03-13,241
2016-03-14,280
2016-03-15,229
2016-03-16,247
2016-03-17,242
2016-03-18,247
2016-03-19,181
2016-03-20,216
2016-03-21,226
2016-03-22,219
2016-03-23,209
2016-03-24,224
2016-03-25,185
2016-03-26,171
2016-03-27,229
2016-03-28,245
2016-03-29,219
2016-03-30,228
2016-03-31,192
2016-04-01,217
2016-04-02,188
2016-04-03,173
2016-04-04,223
2016-04-05,373
2016-04-06,220
2016-04-07,225
2016-04-08,208
2016-04-09,167
2016-04-10,170
2016-04-11,234
2016-04-12,205
2016-04-13,195
2016-04-14,177
2016-04-15,216
2016-04-16,147
2016-04-17,194
2016-04-18,206
2016-04-19,183
2016-04-20,191
2016-04-21,210
2016-04-22,233
2016-04-23,180
2016-04-24,178
2016-04-25,268
2016-04-26,218
2016-04-27,249
2016-04-28,229
2016-04-29,212
2016-04-30,183
2016-05-01,162
2016-05-02,494
2016-05-03,451
2016-05-04,275
2016-05-05,286
2016-05-06,260
2016-05-07,212
2016-05-08,290
2016-05-09,283
2016-05-10,234
2016-05-11,246
2016-05-12,245
2016-05-13,209
2016-05-14,220
2016-05-15,238
2016-05-16,249
2016-05-17,273
2016-05-18,262
2016-05-19,264
2016-05-20,235
2016-05-21,211
2016-05-22,210
2016-05-23,286
2016-05-24,255
2016-05-25,250
2016-05-26,231
2016-05-27,323
2016-05-28,220
2016-05-29,238
2016-05-30,289
2016-05-31,331
2016-06-01,314
2016-06-02,271
2016-06-03,310
2016-06-04,202
2016-06-05,270
2016-06-06,294
2016-06-07,266
2016-06-08,249
2016-06-09,316
2016-06-10,258
2016-06-11,241
2016-06-12,328
2016-06-13,370
2016-06-14,366
2016-06-15,341
2016-06-16,331
2016-06-17,364
2016-06-18,336
2016-06-19,357
2016-06-20,355
2016-06-21,401
2016-06-22,309
2016-06-23,785
2016-06-24,572
2016-06-25,251
2016-06-26,284
2016-06-27,281
2016-06-28,286
2016-06-29,228
2016-06-30,299
2016-07-01,247
2016-07-02,232
2016-07-03,234
2016-07-04,247
2016-07-05,278
2016-07-06,321
2016-07-07,242
2016-07-08,235
2016-07-09,278
2016-07-10,270
2016-07-11,244
2016-07-12,253
2016-07-13,262
2016-07-14,216
2016-07-15,264
2016-07-16,196
2016-07-17,168
2016-07-18,233
2016-07-19,313
2016-07-20,246
2016-07-21,199
2016-07-22,210
2016-07-23,215
2016-07-24,224
2016-07-25,218
2016-07-26,236
2016-07-27,237
2016-07-28,214
2016-07-29,190
2016-07-30,186
2016-07-31,194
2016-08-01,213
2016-08-02,229
2016-08-03,296
2016-08-04,258
2016-08-05,191
2016-08-06,180
2016-08-07,240
2016-08-08,239
2016-08-09,221
2016-08-10,200
2016-08-11,239
2016-08-12,215
2016-08-13,161
2016-08-14,194
2016-08-15,205
2016-08-16,216
2016-08-17,232
2016-08-18,192
2016-08-19,156
2016-08-20,171
2016-08-21,212
2016-08-22,196
2016-08-23,248
2016-08-24,252
2016-08-25,199
2016-08-26,193
2016-08-27,172
2016-08-28,216
2016-08-29,239
2016-08-30,221
2016-08-31,224
2016-09-01,166
2016-09-02,198
2016-09-03,213
2016-09-04,220
2016-09-05,205
2016-09-06,221
2016-09-07,207
2016-09-08,184
2016-09-09,184
2016-09-10,203
2016-09-11,191
2016-09-12,199
2016-09-13,217
2016-09-14,224
2016-09-15,208
2016-09-16,174
2016-09-17,182
2016-09-18,229
2016-09-19,177
2016-09-20,206
2016-09-21,219
2016-09-22,218
2016-09-23,170
2016-09-24,189
2016-09-25,190
2016-09-26,225
2016-09-27,212
2016-09-28,200
2016-09-29,233
2016-09-30,184
2016-10-01,164
2016-10-02,222
2016-10-03,229
2016-10-04,236
2016-10-05,197
2016-10-06,175
2016-10-07,161
2016-10-08,169
2016-10-09,206
2016-10-10,209
2016-10-11,214
2016-10-12,248
2016-10-13,214
2016-10-14,172
2016-10-15,178
2016-10-16,181
2016-10-17,233
2016-10-18,267
2016-10-19,194
2016-10-20,175
2016-10-21,185
2016-10-22,184
2016-10-23,174
2016-10-24,171
2016-10-25,209
2016-10-26,192
2016-10-27,217
2016-10-28,187
2016-10-29,184
2016-10-30,363
2016-10-31,232
2016-11-01,238
2016-11-02,256
2016-11-03,213
2016-11-04,213
2016-11-05,175
2016-11-06,198
2016-11-07,215
2016-11-08,225
2016-11-09,182
2016-11-10,177
2016-11-11,172
2016-11-12,164
2016-11-13,155
2016-11-14,209
2016-11-15,250
2016-11-16,217
2016-11-17,221
2016-11-18,241
2016-11-19,129
2016-11-20,198
2016-11-21,211
2016-11-22,216
2016-11-23,235
2016-11-24,219
2016-11-25,181
2016-11-26,171
2016-11-27,181
2016-11-28,230
2016-11-29,233
2016-11-30,227
2016-12-01,230
2016-12-02,229
2016-12-03,188
2016-12-04,177
2016-12-05,255
2016-12-06,236
2016-12-07,219
2016-12-08,224
2016-12-09,217
2016-12-10,150
2016-12-11,228
2016-12-12,234
2016-12-13,243
2016-12-14,203
2016-12-15,220
2016-12-16,206
2016-12-17,214
2016-12-18,227
2016-12-19,236
2016-12-20,239
2016-12-21,242
2016-12-22,277
2016-12-23,267
2016-12-24,244
2016-12-25,271
2016-12-26,354
2016-12-27,292
2016-12-28,342
2016-12-29,329
2016-12-30,372
2016-12-31,238
2017-01-01,257
2017-01-02,528
2017-01-03,506
2017-01-04,519
2017-01-05,526
2017-01-06,462
2017-01-07,387
2017-01-08,351
2017-01-09,403
2017-01-10,385
2017-01-11,370
2017-01-12,397
2017-01-13,359
2017-01-14,316
2017-01-15,306
2017-01-16,296
2017-01-17,316
2017-01-18,313
2017-01-19,350
2017-01-20,219
2017-01-21,224
2017-01-22,260
2017-01-23,261
2017-01-24,275
2017-01-25,250
2017-01-26,253
2017-01-27,290
2017-01-28,305
2017-01-29,272
2017-01-30,292
2017-01-31,321
2017-02-01,282
2017-02-02,269
2017-02-03,306
2017-02-04,288
2017-02-05,281
2017-02-06,310
2017-02-07,326
2017-02-08,326
2017-02-09,373
2017-02-10,367
2017-02-11,262
2017-02-12,289
2017-02-13,285
2017-02-14,297
2017-02-15,315
2017-02-16,263
2017-02-17,674
2017-02-18,269
2017-02-19,286
2017-02-20,280
2017-02-21,303
2017-02-22,301
2017-02-23,315
2017-02-24,284
2017-02-25,285
2017-02-26,336
2017-02-27,363
2017-02-28,333
2017-03-01,432
2017-03-02,357
2017-03-03,506
2017-03-04,404
2017-03-05,373
2017-03-06,445
2017-03-07,383
2017-03-08,445
2017-03-09,392
2017-03-10,376
2017-03-11,364
2017-03-12,365
2017-03-13,459
2017-03-14,379
2017-03-15,408
2017-03-16,459
2017-03-17,415
2017-03-18,316
2017-03-19,473
2017-03-20,499
2017-03-21,474
2017-03-22,419
2017-03-23,378
2017-03-24,430
2017-03-25,345
2017-03-26,334
2017-03-27,409
2017-03-28,409
2017-03-29,359
2017-03-30,721
2017-03-31,503
2017-04-01,396
2017-04-02,439
2017-04-03,664
2017-04-04,582
2017-04-05,649
2017-04-06,781
2017-04-07,457
2017-04-08,370
2017-04-09,452
2017-04-10,462
2017-04-11,447
2017-04-12,629
2017-04-13,558
2017-04-14,459
2017-04-15,413
2017-04-16,393
2017-04-17,552
2017-04-18,514
2017-04-19,419
2017-04-20,440
2017-04-21,468
2017-04-22,623
2017-04-23,645
2017-04-24,568
2017-04-25,549
2017-04-26,540
2017-04-27,528
2017-04-28,483
2017-04-29,483
2017-04-30,482
2017-05-01,577
2017-05-02,647
2017-05-03,2010
2017-05-04,4241
2017-05-05,2809
2017-05-06,1593
2017-05-07,1735
2017-05-08,1674
2017-05-09,1697
2017-05-10,2162
2017-05-11,1692
2017-05-12,1395
2017-05-13,1133
2017-05-14,1175
2017-05-15,1489
2017-05-16,1324
2017-05-17,1214
2017-05-18,1153
2017-05-19,1494
2017-05-20,1367
2017-05-21,1574
2017-05-22,2858
2017-05-23,3346
2017-05-24,3786
2017-05-25,3997
2017-05-26,3000
2017-05-27,2076
2017-05-28,1975
2017-05-29,2485
2017-05-30,2812
2017-05-31,2706
2017-06-01,2548
2017-06-02,1902
2017-06-03,1651
2017-06-04,1834
2017-06-05,3178
2017-06-06,3440
2017-06-07,3090
2017-06-08,2858
2017-06-09,2718
2017-06-10,2684
2017-06-11,3264
2017-06-12,3785
2017-06-13,4234
2017-06-14,3412
2017-06-15,2408
2017-06-16,2606
2017-06-17,4168
2017-06-18,3013
2017-06-19,3714
2017-06-20,3476
2017-06-21,2859
2017-06-22,2910
2017-06-23,2429
2017-06-24,2184
2017-06-25,2048
2017-06-26,2194
2017-06-27,2294
2017-06-28,2372
2017-06-29,2201
2017-06-30,1701
2017-07-01,1505
2017-07-02,1405
2017-07-03,2221
2017-07-04,2563
2017-07-05,2614
2017-07-06,2188
2017-07-07,1837
2017-07-08,1501
2017-07-09,1649
2017-07-10,1909
2017-07-11,1987
2017-07-12,1848
2017-07-13,1737
2017-07-14,1601
2017-07-15,1397
2017-07-16,1508
2017-07-17,1719
2017-07-18,1727
2017-07-19,1631
2017-07-20,1677
2017-07-21,1572
2017-07-22,1200
2017-07-23,1400
2017-07-24,1580
2017-07-25,1507
2017-07-26,1426
2017-07-27,1679
2017-07-28,1301
2017-07-29,1075
2017-07-30,1524
2017-07-31,1268
2017-08-01,1480
2017-08-02,1490
2017-08-03,1229
2017-08-04,1261
2017-08-05,1259
2017-08-06,1261
2017-08-07,1609
2017-08-08,1940
2017-08-09,1803
2017-08-10,1596
2017-08-11,1493
2017-08-12,1383
2017-08-13,1631
2017-08-14,2072
2017-08-15,2147
2017-08-16,1872
2017-08-17,1846
2017-08-18,1706
2017-08-19,1503
2017-08-20,1667
2017-08-21,1927
2017-08-22,1934
2017-08-23,2339
2017-08-24,2591
2017-08-25,2036
2017-08-26,1643
2017-08-27,2442
2017-08-28,2885
2017-08-29,3070
2017-08-30,3001
2017-08-31,3833
2017-09-01,5517
2017-09-02,4004
2017-09-03,2986
2017-09-04,3226
2017-09-05,2879
2017-09-06,2958
2017-09-07,2531
2017-09-08,2006
2017-09-09,1575
2017-09-10,1677
2017-09-11,1788
2017-09-12,1782
2017-09-13,1877
2017-09-14,2037
2017-09-15,2232
2017-09-16,1500
2017-09-17,1600
2017-09-18,1835
2017-09-19,1855
2017-09-20,1563
2017-09-21,1491
2017-09-22,1286
2017-09-23,1060
2017-09-24,1113
2017-09-25,1418
2017-09-26,1458
2017-09-27,1543
2017-09-28,1436
2017-09-29,1275
2017-09-30,1213
2017-10-01,1420
2017-10-02,1516
2017-10-03,1394
2017-10-04,1232
2017-10-05,1117
2017-10-06,1275
2017-10-07,1110
2017-10-08,1283
2017-10-09,1510
2017-10-10,1443
2017-10-11,1332
2017-10-12,1901
2017-10-13,2579
2017-10-14,2145
2017-10-15,2336
2017-10-16,2377
2017-10-17,2150
2017-10-18,1914
2017-10-19,1987
2017-10-20,2032
2017-10-21,2165
2017-10-22,2251
2017-10-23,2658
2017-10-24,2304
2017-10-25,2632
2017-10-26,1974
2017-10-27,1732
2017-10-28,1350
2017-10-29,1642
2017-10-30,2108
2017-10-31,2252
2017-11-01,2435
2017-11-02,3057
2017-11-03,2923
2017-11-04,2409
2017-11-05,2392
2017-11-06,2737
2017-11-07,3278
2017-11-08,3608
2017-11-09,3325
2017-11-10,2823
2017-11-11,2093
2017-11-12,2418
2017-11-13,2822
2017-11-14,3230
2017-11-15,2857
2017-11-16,2664
2017-11-17,3238
2017-11-18,2486
2017-11-19,2848
2017-11-20,3789
2017-11-21,3365
2017-11-22,2729
2017-11-23,3347
2017-11-24,2902
2017-11-25,3999
2017-11-26,4472
2017-11-27,6969
2017-11-28,8156
2017-11-29,12958
2017-11-30,7786
2017-12-01,6577
2017-12-02,6930
2017-12-03,6489
2017-12-04,7363
2017-12-05,7359
2017-12-06,8125
2017-12-07,11314
2017-12-08,15410
2017-12-09,19679
2017-12-10,11172
2017-12-11,21901
2017-12-12,44211
2017-12-13,25174
2017-12-14,15691
2017-12-15,12837
2017-12-16,11198
2017-12-17,12008
2017-12-18,12588
2017-12-19,12551
2017-12-20,12456
2017-12-21,10110
2017-12-22,8610
2017-12-23,6537
2017-12-24,5304
2017-12-25,5226
2017-12-26,6029
2017-12-27,5994
2017-12-28,5694
2017-12-29,5105
2017-12-30,4505
2017-12-31,3487
2018-01-01,3130
2018-01-02,4983
2018-01-03,5563
2018-01-04,6208
2018-01-05,4867
2018-01-06,5299
2018-01-07,5200
2018-01-08,5527
2018-01-09,5432
2018-01-10,6292
2018-01-11,4502
2018-01-12,3759
2018-01-13,3618
2018-01-14,3735
2018-01-15,3725
2018-01-16,3984
2018-01-17,4076
2018-01-18,3812
2018-01-19,3139
2018-01-20,2822
2018-01-21,3000
2018-01-22,2864
2018-01-23,2778
2018-01-24,2782
2018-01-25,3019
2018-01-26,3095
2018-01-27,2607
2018-01-28,2632
2018-01-29,2668
2018-01-30,2469
2018-01-31,2559
2018-02-01,2530
2018-02-02,2570
2018-02-03,2275
2018-02-04,2535
2018-02-05,2331
2018-02-06,3086
2018-02-07,2381
2018-02-08,2105
2018-02-09,1927
2018-02-10,1655
2018-02-11,1799
2018-02-12,1957
2018-02-13,1780
2018-02-14,3416
2018-02-15,4401
2018-02-16,2512
2018-02-17,2145
2018-02-18,2170
2018-02-19,1926
2018-02-20,2259
2018-02-21,1847
2018-02-22,1498
2018-02-23,1314
2018-02-24,1126
2018-02-25,1367
2018-02-26,1738
2018-02-27,1480
2018-02-28,1235
2018-03-01,1336
2018-03-02,1159
2018-03-03,1154
2018-03-04,1099
2018-03-05,1331
2018-03-06,1389
2018-03-07,1203
2018-03-08,1197
2018-03-09,1033
2018-03-10,940
2018-03-11,931
2018-03-12,1193
2018-03-13,1051
2018-03-14,1047
2018-03-15,1275
2018-03-16,1023
2018-03-17,824
2018-03-18,934
2018-03-19,1070
2018-03-20,1040
2018-03-21,919
2018-03-22,1082
2018-03-23,849
2018-03-24,784
2018-03-25,794
2018-03-26,1110
2018-03-27,1271
2018-03-28,1668
2018-03-29,2872
2018-03-30,3044
2018-03-31,3006
2018-04-01,3109
2018-04-02,2710
2018-04-03,2914
2018-04-04,2993
2018-04-05,3029
2018-04-06,2570
2018-04-07,2938
2018-04-08,3333
2018-04-09,2861
2018-04-10,2523
2018-04-11,2587
2018-04-12,2573
2018-04-13,2511
2018-04-14,2424
2018-04-15,2458
2018-04-16,2698
2018-04-17,2721
2018-04-18,3024
2018-04-19,2580
2018-04-20,2965
2018-04-21,2511
2018-04-22,3497
2018-04-23,3733
2018-04-24,3447
2018-04-25,2741
2018-04-26,1600
2018-04-27,744
2018-04-28,610
2018-04-29,735
2018-04-30,877
2018-05-01,668
2018-05-02,785
2018-05-03,865
2018-05-04,878
2018-05-05,878
2018-05-06,920
2018-05-07,1015
2018-05-08,996
2018-05-09,904
2018-05-10,918
2018-05-11,712
2018-05-12,553
2018-05-13,586
2018-05-14,888
2018-05-15,843
2018-05-16,789
2018-05-17,795
2018-05-18,670
2018-05-19,535
2018-05-20,553
2018-05-21,759
2018-05-22,684
2018-05-23,779
2018-05-24,666
2018-05-25,608
2018-05-26,464
2018-05-27,698
2018-05-28,589
2018-05-29,672
2018-05-30,710
2018-05-31,688
2018-06-01,620
2018-06-02,514
2018-06-03,625
2018-06-04,727
2018-06-05,5137
2018-06-06,1421
2018-06-07,973
2018-06-08,906
2018-06-09,546
2018-06-10,666
2018-06-11,817
2018-06-12,1003
2018-06-13,902
2018-06-14,734
2018-06-15,602
2018-06-16,488
2018-06-17,591
2018-06-18,708
2018-06-19,660
2018-06-20,737
2018-06-21,647
2018-06-22,596
2018-06-23,530
2018-06-24,648
2018-06-25,658
2018-06-26,697
2018-06-27,675
2018-06-28,646
2018-06-29,651
2018-06-30,465
2018-07-01,570
2018-07-02,667
2018-07-03,671
2018-07-04,603
2018-07-05,713
2018-07-06,527
2018-07-07,422
2018-07-08,458
2018-07-09,551
2018-07-10,606
2018-07-11,595
2018-07-12,669
2018-07-13,648
2018-07-14,505
2018-07-15,438
2018-07-16,657
2018-07-17,609
2018-07-18,631
2018-07-19,522
2018-07-20,529
2018-07-21,424
2018-07-22,484
2018-07-23,607
2018-07-24,626
2018-07-25,631
2018-07-26,584
2018-07-27,584
2018-07-28,526
2018-07-29,558
2018-07-30,579
2018-07-31,676
2018-08-01,631
2018-08-02,551
2018-08-03,518
2018-08-04,377
2018-08-05,431
2018-08-06,527
2018-08-07,655
2018-08-08,726
2018-08-09,634
2018-08-10,543
2018-08-11,468
2018-08-12,535
2018-08-13,796
2018-08-14,635
2018-08-15,573
2018-08-16,553
2018-08-17,571
2018-08-18,475
2018-08-19,445
2018-08-20,649
2018-08-21,516
2018-08-22,529
2018-08-23,527
2018-08-24,487
2018-08-25,392
2018-08-26,385
2018-08-27,576
2018-08-28,599
2018-08-29,1048
2018-08-30,1017
2018-08-31,935
2018-09-01,688
2018-09-02,896
2018-09-03,854
2018-09-04,689
2018-09-05,806
2018-09-06,681
2018-09-07,655
2018-09-08,714
2018-09-09,885
2018-09-10,835
2018-09-11,772
2018-09-12,1042
2018-09-13,756
2018-09-14,1169
2018-09-15,1080
2018-09-16,1042
2018-09-17,1178
2018-09-18,1112
2018-09-19,976
2018-09-20,1059
2018-09-21,1021
2018-09-22,1146
2018-09-23,680
2018-09-24,937
2018-09-25,1066
2018-09-26,795
2018-09-27,1030
2018-09-28,472
2018-09-29,624
2018-09-30,368
2018-10-01,383
2018-10-02,389
2018-10-03,443
2018-10-04,424
2018-10-05,439
2018-10-06,357
2018-10-07,325
2018-10-08,477
2018-10-09,464
2018-10-10,491
2018-10-11,453
2018-10-12,440
2018-10-13,338
2018-10-14,391
2018-10-15,436
2018-10-16,462
2018-10-17,387
2018-10-18,407
2018-10-19,346
2018-10-20,296
2018-10-21,329
2018-10-22,392
2018-10-23,446
2018-10-24,423
2018-10-25,417
2018-10-26,365
2018-10-27,346
2018-10-28,331
2018-10-29,463
2018-10-30,454
2018-10-31,441
2018-11-01,422
2018-11-02,391
2018-11-03,357
2018-11-04,357
2018-11-05,464
2018-11-06,425
2018-11-07,445
2018-11-08,441
2018-11-09,367
2018-11-10,348
2018-11-11,350
2018-11-12,403
2018-11-13,446
2018-11-14,449
2018-11-15,478
2018-11-16,436
2018-11-17,423
2018-11-18,435
2018-11-19,507
2018-11-20,566
2018-11-21,475
2018-11-22,407
2018-11-23,434
2018-11-24,608
2018-11-25,472
2018-11-26,569
2018-11-27,500
2018-11-28,511
2018-11-29,507
2018-11-30,419
2018-12-01,348
2018-12-02,375
2018-12-03,465
2018-12-04,413
2018-12-05,470
2018-12-06,499
2018-12-07,471
2018-12-08,407
2018-12-09,432
2018-12-10,442
2018-12-11,505
2018-12-12,407
2018-12-13,406
2018-12-14,453
2018-12-15,405
2018-12-16,404
2018-12-17,523
2018-12-18,495
2018-12-19,411
2018-12-20,524
2018-12-21,425
2018-12-22,300
2018-12-23,324
2018-12-24,361
2018-12-25,289
2018-12-26,377
2018-12-27,455
2018-12-28,410
2018-12-29,324
2018-12-30,539
2018-12-31,409
2019-01-01,313
2019-01-02,458
2019-01-03,444
2019-01-04,369
2019-01-05,415
2019-01-06,558
2019-01-07,490
2019-01-08,439
2019-01-09,389
2019-01-10,396
2019-01-11,374
2019-01-12,269
2019-01-13,347
2019-01-14,374
2019-01-15,319
2019-01-16,337
2019-01-17,369
2019-01-18,340
2019-01-19,306
2019-01-20,318
2019-01-21,339
2019-01-22,328
2019-01-23,346
2019-01-24,362
2019-01-25,343
2019-01-26,310
2019-01-27,293
2019-01-28,335
2019-01-29,322
2019-01-30,290
2019-01-31,304
2019-02-01,348
2019-02-02,295
2019-02-03,301
2019-02-04,344
2019-02-05,390
2019-02-06,439
2019-02-07,350
2019-02-08,489
2019-02-09,450
2019-02-10,382
2019-02-11,416
2019-02-12,482
2019-02-13,370
2019-02-14,352
2019-02-15,351
2019-02-16,301
2019-02-17,316
2019-02-18,427
2019-02-19,404
2019-02-20,437
2019-02-21,394
2019-02-22,350
2019-02-23,287
2019-02-24,373
2019-02-25,374
2019-02-26,335
2019-02-27,342
2019-02-28,340
2019-03-01,388
2019-03-02,315
2019-03-03,293
2019-03-04,336
2019-03-05,361
2019-03-06,421
2019-03-07,431
2019-03-08,382
2019-03-09,334
2019-03-10,330
2019-03-11,366
2019-03-12,367
2019-03-13,318
2019-03-14,327
2019-03-15,258
2019-03-16,240
2019-03-17,243
2019-03-18,378
2019-03-19,333
2019-03-20,300
2019-03-21,275
2019-03-22,291
2019-03-23,230
2019-03-24,248
2019-03-25,325
2019-03-26,334
2019-03-27,309
2019-03-28,291
2019-03-29,255
2019-03-30,197
2019-03-31,229
2019-04-01,286
2019-04-02,452
2019-04-03,615
2019-04-04,482
2019-04-05,413
2019-04-06,343
2019-04-07,361
2019-04-08,422
2019-04-09,395
2019-04-10,369
2019-04-11,312
2019-04-12,336
2019-04-13,280
2019-04-14,278
2019-04-15,343
2019-04-16,315
2019-04-17,326
2019-04-18,301
2019-04-19,317
2019-04-20,265
2019-04-21,254
2019-04-22,336
2019-04-23,302
2019-04-24,314
2019-04-25,269
2019-04-26,257
2019-04-27,236
2019-04-28,268
2019-04-29,312
2019-04-30,330
2019-05-01,297
2019-05-02,296
2019-05-03,272
2019-05-04,237
2019-05-05,222
2019-05-06,301
2019-05-07,310
2019-05-08,318
2019-05-09,267
2019-05-10,278
2019-05-11,342
2019-05-12,320
2019-05-13,409
2019-05-14,434
2019-05-15,495
2019-05-16,481
2019-05-17,369
2019-05-18,287
2019-05-19,381
2019-05-20,356
2019-05-21,366
2019-05-22,351
2019-05-23,304
2019-05-24,452
2019-05-25,415
2019-05-26,487
2019-05-27,631
2019-05-28,656
2019-05-29,607
2019-05-30,679
2019-05-31,518
2019-06-01,389
2019-06-02,388
2019-06-03,384
2019-06-04,424
2019-06-05,373
2019-06-06,403
2019-06-07,539
2019-06-08,469
2019-06-09,390
2019-06-10,594
2019-06-11,758
2019-06-12,832
2019-06-13,575
2019-06-14,545
2019-06-15,521
2019-06-16,549
2019-06-17,553
2019-06-18,548
2019-06-19,536
2019-06-20,510
2019-06-21,468
2019-06-22,567
2019-06-23,557
2019-06-24,553
2019-06-25,530
2019-06-26,711
2019-06-27,587
2019-06-28,508
2019-06-29,444
2019-06-30,423
2019-07-01,472
2019-07-02,430
2019-07-03,471
2019-07-04,394
2019-07-05,367
2019-07-06,330
2019-07-07,365
2019-07-08,447
2019-07-09,427
2019-07-10,576
2019-07-11,585
2019-07-12,473
2019-07-13,375
2019-07-14,404
2019-07-15,455
2019-07-16,454
2019-07-17,436
2019-07-18,437
2019-07-19,409
2019-07-20,354
2019-07-21,297
2019-07-22,411
2019-07-23,386
2019-07-24,434
2019-07-25,407
2019-07-26,288
2019-07-27,305
2019-07-28,301
2019-07-29,310
2019-07-30,363
2019-07-31,394
2019-08-01,368
2019-08-02,371
2019-08-03,299
2019-08-04,304
2019-08-05,463
2019-08-06,425
2019-08-07,338
2019-08-08,359
2019-08-09,353
2019-08-10,288
2019-08-11,315
2019-08-12,381
2019-08-13,318
2019-08-14,288
2019-08-15,301
2019-08-16,313
2019-08-17,328
2019-08-18,304
2019-08-19,279
2019-08-20,331
2019-08-21,332
2019-08-22,268
2019-08-23,253
2019-08-24,246
2019-08-25,244
2019-08-26,329
2019-08-27,319
2019-08-28,302
2019-08-29,324
2019-08-30,299
2019-08-31,268
2019-09-01,277
2019-09-02,323
2019-09-03,336
2019-09-04,298
2019-09-05,306
2019-09-06,282
2019-09-07,258
2019-09-08,289
2019-09-09,285
2019-09-10,299
2019-09-11,290
2019-09-12,331
2019-09-13,322
2019-09-14,351
2019-09-15,257
2019-09-16,305
2019-09-17,326
2019-09-18,358
2019-09-19,345
2019-09-20,323
2019-09-21,322
2019-09-22,354
2019-09-23,452
2019-09-24,504
2019-09-25,425
2019-09-26,413
2019-09-27,317
2019-09-28,321
2019-09-29,262
2019-09-30,322
2019-10-01,323
2019-10-02,333
2019-10-03,314
2019-10-04,284
2019-10-05,283
2019-10-06,304
2019-10-07,325
2019-10-08,262
2019-10-09,307
2019-10-10,329
2019-10-11,286
2019-10-12,303
2019-10-13,298
2019-10-14,361
2019-10-15,332
2019-10-16,325
2019-10-17,330
2019-10-18,270
2019-10-19,285
2019-10-20,429
2019-10-21,431
2019-10-22,330
2019-10-23,333
2019-10-24,287
2019-10-25,298
2019-10-26,283
2019-10-27,276
2019-10-28,342
2019-10-29,348
2019-10-30,283
2019-10-31,283
2019-11-01,264
2019-11-02,252
2019-11-03,272
2019-11-04,351
2019-11-05,362
2019-11-06,297
2019-11-07,258
2019-11-08,259
2019-11-09,236
2019-11-10,267
2019-11-11,308
2019-11-12,302
2019-11-13,290
2019-11-14,308
2019-11-15,254
2019-11-16,231
2019-11-17,283
2019-11-18,285
2019-11-19,313
2019-11-20,292
2019-11-21,293
2019-11-22,284
2019-11-23,211
2019-11-24,276
2019-11-25,361
2019-11-26,324
2019-11-27,279
2019-11-28,271
2019-11-29,291
2019-11-30,227
2019-12-01,250
2019-12-02,294
2019-12-03,318
2019-12-04,355
2019-12-05,334
2019-12-06,303
2019-12-07,344
2019-12-08,291
2019-12-09,249
2019-12-10,316
2019-12-11,407
2019-12-12,533
2019-12-13,263
2019-12-14,210
2019-12-15,216
2019-12-16,283
2019-12-17,357
2019-12-18,359
2019-12-19,289
2019-12-20,248
2019-12-21,224
2019-12-22,244
2019-12-23,252
2019-12-24,249
2019-12-25,180
2019-12-26,232
2019-12-27,236
2019-12-28,257
2019-12-29,252
2019-12-30,241
2019-12-31,231
2020-01-01,197
2020-01-02,265
2020-01-03,272
2020-01-04,227
2020-01-05,250
2020-01-06,315
2020-01-07,281
2020-01-08,409
2020-01-09,320
2020-01-10,277
2020-01-11,234
2020-01-12,279
2020-01-13,291
2020-01-14,340
2020-01-15,367
2020-01-16,329
2020-01-17,341
2020-01-18,288
2020-01-19,273
2020-01-20,277
2020-01-21,325
2020-01-22,335
2020-01-23,304
2020-01-24,278
2020-01-25,332
2020-01-26,235
2020-01-27,298
2020-01-28,464
2020-01-29,331
2020-01-30,380
2020-01-31,336
2020-02-01,311
2020-02-02,257
2020-02-03,263
2020-02-04,323
2020-02-05,318
2020-02-06,306
2020-02-07,333
2020-02-08,393
2020-02-09,363
2020-02-10,379
2020-02-11,335
2020-02-12,371
2020-02-13,365
2020-02-14,308
2020-02-15,299
2020-02-16,280
2020-02-17,330
2020-02-18,356
2020-02-19,337
2020-02-20,276
2020-02-21,277
2020-02-22,306
2020-02-23,262
2020-02-24,294
2020-02-25,263
2020-02-26,281
2020-02-27,290
2020-02-28,317
2020-02-29,207
2020-03-01,242
2020-03-02,269
2020-03-03,290
2020-03-04,332
2020-03-05,294
2020-03-06,260
2020-03-07,238
2020-03-08,268
2020-03-09,334
2020-03-10,301
2020-03-11,232
2020-03-12,328
2020-03-13,383
2020-03-14,289
2020-03-15,284
2020-03-16,326
2020-03-17,299
2020-03-18,288
2020-03-19,308
2020-03-20,286
2020-03-21,272
2020-03-22,319
2020-03-23,309
2020-03-24,371
2020-03-25,302
2020-03-26,317
2020-03-27,306
2020-03-28,271
2020-03-29,275
2020-03-30,340
2020-03-31,293
2020-04-01,297
2020-04-02,310
2020-04-03,351
2020-04-04,324
2020-04-05,354
2020-04-06,358
2020-04-07,309
2020-04-08,434
2020-04-09,367
2020-04-10,329
2020-04-11,376
2020-04-12,323
2020-04-13,361
2020-04-14,353
2020-04-15,347
2020-04-16,358
2020-04-17,336
2020-04-18,354
2020-04-19,378
2020-04-20,431
2020-04-21,345
2020-04-22,357
2020-04-23,348
2020-04-24,404
2020-04-25,425
2020-04-26,413
2020-04-27,414
2020-04-28,412
2020-04-29,447
2020-04-30,476
2020-05-01,371
2020-05-02,389
2020-05-03,428
2020-05-04,373
2020-05-05,428
2020-05-06,472
2020-05-07,482
2020-05-08,528
2020-05-09,455
2020-05-10,499
2020-05-11,594
2020-05-12,528
2020-05-13,482
2020-05-14,477
2020-05-15,462
2020-05-16,371
2020-05-17,442
2020-05-18,454
2020-05-19,420
2020-05-20,449
2020-05-21,357
2020-05-22,343
2020-05-23,352
2020-05-24,339
2020-05-25,354
2020-05-26,401
2020-05-27,317
2020-05-28,348
2020-05-29,314
2020-05-30,323
2020-05-31,333
2020-06-01,312
2020-06-02,354
2020-06-03,319
2020-06-04,337
2020-06-05,340
2020-06-06,302
2020-06-07,331
2020-06-08,323
2020-06-09,319
2020-06-10,306
2020-06-11,351
2020-06-12,309
2020-06-13,269
2020-06-14,258
2020-06-15,269
2020-06-16,286
2020-06-17,318
2020-06-18,273
2020-06-19,276
2020-06-20,234
2020-06-21,220
2020-06-22,249
2020-06-23,253
2020-06-24,240
2020-06-25,236
2020-06-26,252
2020-06-27,218
2020-06-28,236
2020-06-29,267
2020-06-30,263
2020-07-01,238
2020-07-02,219
2020-07-03,246
2020-07-04,201
2020-07-05,244
2020-07-06,264
2020-07-07,298
2020-07-08,426
2020-07-09,325
2020-07-10,270
2020-07-11,275
2020-07-12,239
2020-07-13,261
2020-07-14,302
2020-07-15,312
2020-07-16,323
2020-07-17,272
2020-07-18,316
2020-07-19,280
2020-07-20,258
2020-07-21,324
2020-07-22,275
2020-07-23,327
2020-07-24,303
2020-07-25,375
2020-07-26,400
2020-07-27,428
2020-07-28,575
2020-07-29,453
2020-07-30,392
2020-07-31,497
2020-08-01,531
2020-08-02,483
2020-08-03,467
2020-08-04,456
2020-08-05,404
2020-08-06,381
2020-08-07,369
2020-08-08,343
2020-08-09,360
2020-08-10,411
2020-08-11,390
2020-08-12,329
2020-08-13,396
2020-08-14,411
2020-08-15,363
2020-08-16,463
2020-08-17,527
2020-08-18,467
2020-08-19,462
2020-08-20,395
2020-08-21,413
2020-08-22,333
2020-08-23,327
2020-08-24,385
2020-08-25,320
2020-08-26,330
2020-08-27,295
2020-08-28,400
2020-08-29,245
2020-08-30,279
2020-08-31,309
2020-09-01,341
2020-09-02,388
2020-09-03,363
2020-09-04,350
2020-09-05,265
2020-09-06,350
2020-09-07,334
2020-09-08,308
2020-09-09,278
2020-09-10,327
2020-09-11,262
2020-09-12,258
2020-09-13,270
2020-09-14,309
2020-09-15,281
2020-09-16,309
2020-09-17,286
2020-09-18,311
2020-09-19,257
2020-09-20,240
2020-09-21,262
2020-09-22,258
2020-09-23,297
2020-09-24,261
2020-09-25,276
2020-09-26,248
2020-09-27,204
2020-09-28,272
2020-09-29,249
2020-09-30,250
2020-10-01,252
2020-10-02,218
2020-10-03,186
2020-10-04,215
2020-10-05,263
2020-10-06,284
2020-10-07,368
2020-10-08,392
2020-10-09,415
2020-10-10,381
2020-10-11,358
2020-10-12,491
2020-10-13,443
2020-10-14,417
2020-10-15,381
2020-10-16,425
2020-10-17,344
2020-10-18,367
2020-10-19,379
2020-10-20,404
2020-10-21,579
2020-10-22,671
2020-10-23,571
2020-10-24,550
2020-10-25,530
2020-10-26,557
2020-10-27,575
2020-10-28,563
2020-10-29,456
2020-10-30,430
2020-10-31,407
2020-11-01,398
2020-11-02,453
2020-11-03,459
2020-11-04,418
2020-11-05,629
2020-11-06,681
2020-11-07,551
2020-11-08,494
2020-11-09,615
2020-11-10,621
2020-11-11,542
2020-11-12,583
2020-11-13,688
2020-11-14,563
2020-11-15,494
2020-11-16,963
2020-11-17,1041
2020-11-18,1041
2020-11-19,1136
2020-11-20,1159
2020-11-21,1016
2020-11-22,952
2020-11-23,1172
2020-11-24,1524
2020-11-25,1083
2020-11-26,1075
2020-11-27,903
2020-11-28,695
2020-11-29,837
2020-11-30,1205
2020-12-01,1174
2020-12-02,965
2020-12-03,937
2020-12-04,828
2020-12-05,738
2020-12-06,743
2020-12-07,850
2020-12-08,793
2020-12-09,771
2020-12-10,693
2020-12-11,640
2020-12-12,654
2020-12-13,683
2020-12-14,730
2020-12-15,678
2020-12-16,1091
2020-12-17,1792
2020-12-18,1502
2020-12-19,1569
2020-12-20,1601
2020-12-21,1392
2020-12-22,1196
2020-12-23,1209
2020-12-24,1004
2020-12-25,1174
2020-12-26,1935
2020-12-27,1862
2020-12-28,1797
2020-12-29,1682
2020-12-30,1707
2020-12-31,1396
2021-01-01,1357
2021-01-02,2693
2021-01-03,4057
2021-01-04,3569
2021-01-05,2774
2021-01-06,3313
2021-01-07,4243
2021-01-08,3490
2021-01-09,2996
2021-01-10,3090
2021-01-11,2857
2021-01-12,2179
2021-01-13,1988
2021-01-14,2098
2021-01-15,1380
2021-01-16,1240
2021-01-17,1169
2021-01-18,1187
2021-01-19,1484
2021-01-20,1218
2021-01-21,1056
2021-01-22,1072
2021-01-23,943
2021-01-24,921
2021-01-25,1045
2021-01-26,1024
2021-01-27,1023
2021-01-28,1535
2021-01-29,3734
2021-01-30,2618
2021-01-31,2086
2021-02-01,1971
2021-02-02,2002
2021-02-03,2253
2021-02-04,2722
2021-02-05,2232
2021-02-06,2470
2021-02-07,2454
2021-02-08,3393
2021-02-09,3792
2021-02-10,3260
2021-02-11,2651
2021-02-12,2551
2021-02-13,3697
2021-02-14,3258
2021-02-15,2742
2021-02-16,2534
2021-02-17,2981
2021-02-18,2959
2021-02-19,2591
2021-02-20,2953
2021-02-21,2561
2021-02-22,2349
2021-02-23,2192
2021-02-24,1897
2021-02-25,2003
2021-02-26,1559
2021-02-27,1391
2021-02-28,1522
2021-03-01,1573
2021-03-02,1444
2021-03-03,1656
2021-03-04,1330
2021-03-05,1146
2021-03-06,1066
2021-03-07,1290
2021-03-08,1331
2021-03-09,1414
2021-03-10,1427
2021-03-11,1275
2021-03-12,1516
2021-03-13,1746
2021-03-14,1709
2021-03-15,1496
2021-03-16,1380
2021-03-17,1208
2021-03-18,1302
2021-03-19,1127
2021-03-20,1262
2021-03-21,1073
2021-03-22,1123
2021-03-23,1042
2021-03-24,934
2021-03-25,935
2021-03-26,878
2021-03-27,821
2021-03-28,885
2021-03-29,954
2021-03-30,1152
2021-03-31,1007
2021-04-01,1201
2021-04-02,1298
2021-04-03,1122
2021-04-04,977
2021-04-05,1175
2021-04-06,1696
2021-04-07,1401
2021-04-08,1156
2021-04-09,1132
2021-04-10,1314
2021-04-11,1760
2021-04-12,1524
2021-04-13,1846
2021-04-14,2331
2021-04-15,2335
2021-04-16,3769
2021-04-17,3246
2021-04-18,2692
2021-04-19,2549
2021-04-20,2344
2021-04-21,2045
2021-04-22,1939
2021-04-23,1680
2021-04-24,1482
2021-04-25,1495
2021-04-26,1523
2021-04-27,1638
2021-04-28,1621
2021-04-29,1515
2021-04-30,1442
2021-05-01,1545
2021-05-02,1614
2021-05-03,2228
2021-05-04,3286
2021-05-05,4041
2021-05-06,3127
2021-05-07,2757
2021-05-08,2799
2021-05-09,3662
2021-05-10,4693
2021-05-11,3014
2021-05-12,2763
2021-05-13,3502
2021-05-14,2824
2021-05-15,2351
2021-05-16,2462
2021-05-17,2390
2021-05-18,2100
2021-05-19,2333
2021-05-20,2262
2021-05-21,1855
2021-05-22,1611
2021-05-23,1956
2021-05-24,1745
2021-05-25,1704
2021-05-26,1540
2021-05-27,1310
2021-05-28,1189
2021-05-29,1074
2021-05-30,1057
2021-05-31,1091
2021-06-01,937
2021-06-02,1001
2021-06-03,1036
2021-06-04,1021
2021-06-05,951
2021-06-06,974
2021-06-07,936
2021-06-08,953
2021-06-09,967
2021-06-10,909
2021-06-11,990
2021-06-12,927
2021-06-13,959
2021-06-14,1081
2021-06-15,1067
2021-06-16,799
2021-06-17,659
2021-06-18,617
2021-06-19,594
2021-06-20,670
2021-06-21,772
2021-06-22,875
2021-06-23,706
2021-06-24,701
2021-06-25,608
2021-06-26,627
2021-06-27,669
2021-06-28,633
2021-06-29,658
2021-06-30,581
2021-07-01,1048
2021-07-02,847
2021-07-03,883
2021-07-04,924
2021-07-05,810
2021-07-06,1015
2021-07-07,929
2021-07-08,898
2021-07-09,770
2021-07-10,765
2021-07-11,679
2021-07-12,773
2021-07-13,708
2021-07-14,850
2021-07-15,752
2021-07-16,723
2021-07-17,628
2021-07-18,748
2021-07-19,742
2021-07-20,715
2021-07-21,635
2021-07-22,732
2021-07-23,699
2021-07-24,673
2021-07-25,665
2021-07-26,915
2021-07-27,776
2021-07-28,787
2021-07-29,778
2021-07-30,815
2021-07-31,672
2021-08-01,777
2021-08-02,774
2021-08-03,806
2021-08-04,821
2021-08-05,765
2021-08-06,763
2021-08-07,742
2021-08-08,826
2021-08-09,938
2021-08-10,883
2021-08-11,873
2021-08-12,862
2021-08-13,900
2021-08-14,841
2021-08-15,774
2021-08-16,861
2021-08-17,863
2021-08-18,856
2021-08-19,977
2021-08-20,1065
2021-08-21,885
2021-08-22,911
2021-08-23,1001
2021-08-24,977
2021-08-25,874
2021-08-26,762
2021-08-27,738
2021-08-28,680
2021-08-29,784
2021-08-30,798
2021-08-31,841
2021-09-01,941
2021-09-02,954
2021-09-03,1130
2021-09-04,1280
2021-09-05,1256
2021-09-06,1163
2021-09-07,1213
2021-09-08,1018
2021-09-09,925
2021-09-10,777
2021-09-11,818
2021-09-12,767
2021-09-13,2911
2021-09-14,2197
2021-09-15,1747
2021-09-16,2461
2021-09-17,2435
2021-09-18,2325
2021-09-19,2076
2021-09-20,2340
2021-09-21,2753
2021-09-22,3055
2021-09-23,3778
2021-09-24,3297
2021-09-25,3198
2021-09-26,2953
2021-09-27,2176
2021-09-28,1353
2021-09-29,1155
2021-09-30,1051
2021-10-01,1043
2021-10-02,3397
2021-10-03,4102
2021-10-04,5039
2021-10-05,4667
2021-10-06,4814
2021-10-07,3281
2021-10-08,3856
2021-10-09,3692
2021-10-10,3635
2021-10-11,2736
2021-10-12,3771
2021-10-13,3971
2021-10-14,4431
2021-10-15,3842
2021-10-16,3645
2021-10-17,4334
2021-10-18,2732
2021-10-19,1612
2021-10-20,1214
2021-10-21,1171
2021-10-22,1037
2021-10-23,2665
2021-10-24,4575
2021-10-25,3094
2021-10-26,2476
2021-10-27,1679
2021-10-28,3902
2021-10-29,4484
2021-10-30,4921
2021-10-31,2073
2021-11-01,1155
2021-11-02,2600
2021-11-03,1727
2021-11-04,1779
2021-11-05,1423
2021-11-06,1093
2021-11-07,1010
2021-11-08,1346
2021-11-09,2334
2021-11-10,1764
2021-11-11,1216
2021-11-12,1116
2021-11-13,1080
2021-11-14,1206
2021-11-15,1294
2021-11-16,1098
2021-11-17,1160
2021-11-18,1497
2021-11-19,1319
2021-11-20,1212
2021-11-21,1170
2021-11-22,1209
2021-11-23,1311
2021-11-24,1194
2021-11-25,995
2021-11-26,924
2021-11-27,826
2021-11-28,903
2021-11-29,952
2021-11-30,1036
2021-12-01,863
2021-12-02,828
2021-12-03,718
2021-12-04,791
2021-12-05,775
2021-12-06,766
2021-12-07,836
2021-12-08,838
2021-12-09,953
2021-12-10,881
2021-12-11,759
2021-12-12,719
2021-12-13,846
2021-12-14,853
2021-12-15,718
2021-12-16,695
2021-12-17,640
2021-12-18,651
2021-12-19,735
2021-12-20,810
2021-12-21,800
2021-12-22,775
2021-12-23,819
2021-12-24,720
2021-12-25,675
2021-12-26,838
2021-12-27,911
2021-12-28,773
2021-12-29,786
2021-12-30,784
2021-12-31,588
2022-01-01,623
2022-01-02,743
2022-01-03,802
2022-01-04,902
2022-01-05,969
2022-01-06,888
2022-01-07,888
2022-01-08,861
2022-01-09,860
2022-01-10,902
2022-01-11,983
2022-01-12,960
2022-01-13,759
2022-01-14,805
2022-01-15,758
2022-01-16,709
2022-01-17,976
2022-01-18,827
2022-01-19,793
2022-01-20,779
2022-01-21,965
2022-01-22,860
2022-01-23,894
2022-01-24,1179
2022-01-25,1020
2022-01-26,1069
2022-01-27,1077
2022-01-28,925
2022-01-29,978
2022-01-30,922
2022-01-31,1007
2022-02-01,996
2022-02-02,878
2022-02-03,825
2022-02-04,908
2022-02-05,792
2022-02-06,842
2022-02-07,969
2022-02-08,939
2022-02-09,989
2022-02-10,851
2022-02-11,716
2022-02-12,688
2022-02-13,778
2022-02-14,679
2022-02-15,782
2022-02-16,958
2022-02-17,835
2022-02-18,823
2022-02-19,652
2022-02-20,731
2022-02-21,825
2022-02-22,847
2022-02-23,885
2022-02-24,872
2022-02-25,645
2022-02-26,634
2022-02-27,655
2022-02-28,939
2022-03-01,1181
2022-03-02,1086
2022-03-03,1002
2022-03-04,652
2022-03-05,456
2022-03-06,487
2022-03-07,533
2022-03-08,639
2022-03-09,615
2022-03-10,616
2022-03-11,662
2022-03-12,612
2022-03-13,576
2022-03-14,728
2022-03-15,716
2022-03-16,700
2022-03-17,750
2022-03-18,680
2022-03-19,665
2022-03-20,651
2022-03-21,764
2022-03-22,779
2022-03-23,796
2022-03-24,730
2022-03-25,710
2022-03-26,597
2022-03-27,674
2022-03-28,815
2022-03-29,718
2022-03-30,708
2022-03-31,681
2022-04-01,661
2022-04-02,613
2022-04-03,606
2022-04-04,847
2022-04-05,789
2022-04-06,666
2022-04-07,638
2022-04-08,531
2022-04-09,445
2022-04-10,438
2022-04-11,684
2022-04-12,623
2022-04-13,576
2022-04-14,548
2022-04-15,621
2022-04-16,581
2022-04-17,557
2022-04-18,711
2022-04-19,716
2022-04-20,824
2022-04-21,782
2022-04-22,621
2022-04-23,536
2022-04-24,520
2022-04-25,644
2022-04-26,597
2022-04-27,604
2022-04-28,658
2022-04-29,462
2022-04-30,451
2022-05-01,480
2022-05-02,519
2022-05-03,515
2022-05-04,590
2022-05-05,549
2022-05-06,443
2022-05-07,419
2022-05-08,479
2022-05-09,627
2022-05-10,569
2022-05-11,514
2022-05-12,893
2022-05-13,841
2022-05-14,562
2022-05-15,640
2022-05-16,680
2022-05-17,665
2022-05-18,559
2022-05-19,526
2022-05-20,528
2022-05-21,429
2022-05-22,419
2022-05-23,457
2022-05-24,425
2022-05-25,467
2022-05-26,498
2022-05-27,459
2022-05-28,392
2022-05-29,458
2022-05-30,430
2022-05-31,517
2022-06-01,485
2022-06-02,432
2022-06-03,384
2022-06-04,335
2022-06-05,342
2022-06-06,450
2022-06-07,424
2022-06-08,432
2022-06-09,434
2022-06-10,391
2022-06-11,304
2022-06-12,364
2022-06-13,538
2022-06-14,594
2022-06-15,656
2022-06-16,498
2022-06-17,539
2022-06-18,516
2022-06-19,618
2022-06-20,505
2022-06-21,550
2022-06-22,556
2022-06-23,474
2022-06-24,391
2022-06-25,369
2022-06-26,394
2022-06-27,469
2022-06-28,408
2022-06-29,450
2022-06-30,411
2022-07-01,388
2022-07-02,311
2022-07-03,316
2022-07-04,379
2022-07-05,381
2022-07-06,365
2022-07-07,388
2022-07-08,408
2022-07-09,335
2022-07-10,321
2022-07-11,478
2022-07-12,492
2022-07-13,441
2022-07-14,411
2022-07-15,363
2022-07-16,326
2022-07-17,368
2022-07-18,373
2022-07-19,409
2022-07-20,371
2022-07-21,357
2022-07-22,288
2022-07-23,311
2022-07-24,321
2022-07-25,324
2022-07-26,373
2022-07-27,347
2022-07-28,335
2022-07-29,305
2022-07-30,289
2022-07-31,356
2022-08-01,357
2022-08-02,334
2022-08-03,365
2022-08-04,423
2022-08-05,380
2022-08-06,338
2022-08-07,291
2022-08-08,412
2022-08-09,386
2022-08-10,362
2022-08-11,428
2022-08-12,336
2022-08-13,347
2022-08-14,308
2022-08-15,350
2022-08-16,349
2022-08-17,396
2022-08-18,386
2022-08-19,306
2022-08-20,322
2022-08-21,312
2022-08-22,349
2022-08-23,332
2022-08-24,307
2022-08-25,385
2022-08-26,299
2022-08-27,305
2022-08-28,325
2022-08-29,427
2022-08-30,376
2022-08-31,330
2022-09-01,329
2022-09-02,322
2022-09-03,254
2022-09-04,257
2022-09-05,288
2022-09-06,312
2022-09-07,305
2022-09-08,324
2022-09-09,257
2022-09-10,198
2022-09-11,237
2022-09-12,254
2022-09-13,248
2022-09-14,222
2022-09-15,261
2022-09-16,275
2022-09-17,221
2022-09-18,242
2022-09-19,288
2022-09-20,263
2022-09-21,244
2022-09-22,253
2022-09-23,235
2022-09-24,200
2022-09-25,207
2022-09-26,206
2022-09-27,219
2022-09-28,212
2022-09-29,232
2022-09-30,223
2022-10-01,246
2022-10-02,219
2022-10-03,239
2022-10-04,255
2022-10-05,243
2022-10-06,237
2022-10-07,244
2022-10-08,221
2022-10-09,259
2022-10-10,294
2022-10-11,253
2022-10-12,199
2022-10-13,249
2022-10-14,227
2022-10-15,209
2022-10-16,208
2022-10-17,246
2022-10-18,230
2022-10-19,191
2022-10-20,287
2022-10-21,238
2022-10-22,209
2022-10-23,255
2022-10-24,215
2022-10-25,200
2022-10-26,241
2022-10-27,232
2022-10-28,221
2022-10-29,204
2022-10-30,187
2022-10-31,220
2022-11-01,239
2022-11-02,293
2022-11-03,282
2022-11-04,288
2022-11-05,239
2022-11-06,207
2022-11-07,251
2022-11-08,268
2022-11-09,325
2022-11-10,314
2022-11-11,340
2022-11-12,344
2022-11-13,369
2022-11-14,352
2022-11-15,288
2022-11-16,361
2022-11-17,329
2022-11-18,341
2022-11-19,345
2022-11-20,380
2022-11-21,431
2022-11-22,672
2022-11-23,692
2022-11-24,357
2022-11-25,366
2022-11-26,286
2022-11-27,282
2022-11-28,327
2022-11-29,298
2022-11-30,285
2022-12-01,227
2022-12-02,214
2022-12-03,195
2022-12-04,206
2022-12-05,291
2022-12-06,263
2022-12-07,272
2022-12-08,260
2022-12-09,216
2022-12-10,197
2022-12-11,236
2022-12-12,212
2022-12-13,274
2022-12-14,259
2022-12-15,252
2022-12-16,221
2022-12-17,196
2022-12-18,210
2022-12-19,224
2022-12-20,352
2022-12-21,243
2022-12-22,217
2022-12-23,199
2022-12-24,205
2022-12-25,232
2022-12-26,258
2022-12-27,264
2022-12-28,214
2022-12-29,280
2022-12-30,321
2022-12-31,319
2023-01-01,282
2023-01-02,333
2023-01-03,361
2023-01-04,340
2023-01-05,286
2023-01-06,232
2023-01-07,184
2023-01-08,223
2023-01-09,288
2023-01-10,234
2023-01-11,244
2023-01-12,355
2023-01-13,309
2023-01-14,330
2023-01-15,316
2023-01-16,356
2023-01-17,385
2023-01-18,260
2023-01-19,234
2023-01-20,243
2023-01-21,211
2023-01-22,186
2023-01-23,262
2023-01-24,403
2023-01-25,218
2023-01-26,220
2023-01-27,219
2023-01-28,289
2023-01-29,274
2023-01-30,273
2023-01-31,264
2023-02-01,318
2023-02-02,342
2023-02-03,284
2023-02-04,252
2023-02-05,176
2023-02-06,201
2023-02-07,201
2023-02-08,192
2023-02-09,190
2023-02-10,179
2023-02-11,176
2023-02-12,131
2023-02-13,202
2023-02-14,180
2023-02-15,160
2023-02-16,194
2023-02-17,184
2023-02-18,167
2023-02-19,147
2023-02-20,198
2023-02-21,223
2023-02-22,197
2023-02-23,187
2023-02-24,148
2023-02-25,131
2023-02-26,218
2023-02-27,196
2023-02-28,157
2023-03-01,159
2023-03-02,190
2023-03-03,159
2023-03-04,269
2023-03-05,172
2023-03-06,203
2023-03-07,195
2023-03-08,160
2023-03-09,190
2023-03-10,175
2023-03-11,214
2023-03-12,214
2023-03-13,190
2023-03-14,229
2023-03-15,180
2023-03-16,234
2023-03-17,189
2023-03-18,175
2023-03-19,230
2023-03-20,215
2023-03-21,218
2023-03-22,280
2023-03-23,314
2023-03-24,203
2023-03-25,223
2023-03-26,207
2023-03-27,206
2023-03-28,188
2023-03-29,196
2023-03-30,220
2023-03-31,188
2023-04-01,183
2023-04-02,146
2023-04-03,196
2023-04-04,240
2023-04-05,198
2023-04-06,189
2023-04-07,184
2023-04-08,174
2023-04-09,159
2023-04-10,170
2023-04-11,239
2023-04-12,178
2023-04-13,267
2023-04-14,176
2023-04-15,143
2023-04-16,169
2023-04-17,197
2023-04-18,199
2023-04-19,174
2023-04-20,173
2023-04-21,139
2023-04-22,146
2023-04-23,131
2023-04-24,187
2023-04-25,174
2023-04-26,184
2023-04-27,172
2023-04-28,215
2023-04-29,175
2023-04-30,155
2023-05-01,201
2023-05-02,192
2023-05-03,190
2023-05-04,324
2023-05-05,220
2023-05-06,172
2023-05-07,176
2023-05-08,211
2023-05-09,205
2023-05-10,216
2023-05-11,202
2023-05-12,188
2023-05-13,166
2023-05-14,148
2023-05-15,179
2023-05-16,212
2023-05-17,240
2023-05-18,229
2023-05-19,209
2023-05-20,176
2023-05-21,195
2023-05-22,198
2023-05-23,207
2023-05-24,145
2023-05-25,139
2023-05-26,143
2023-05-27,112
2023-05-28,142
2023-05-29,146
2023-05-30,188
2023-05-31,164
2023-06-01,177
2023-06-02,147
2023-06-03,125
2023-06-04,143
2023-06-05,155
2023-06-06,185
2023-06-07,180
2023-06-08,155
2023-06-09,234
2023-06-10,232
2023-06-11,241
2023-06-12,184
2023-06-13,245
2023-06-14,211
2023-06-15,189
2023-06-16,188
2023-06-17,156
2023-06-18,170
2023-06-19,154
2023-06-20,190
2023-06-21,194
2023-06-22,195
2023-06-23,262
2023-06-24,455
2023-06-25,525
2023-06-26,194
2023-06-27,223
2023-06-28,162
2023-06-29,182
2023-06-30,304
2023-07-01,258
2023-07-02,254
2023-07-03,264
2023-07-04,217
2023-07-05,183
2023-07-06,205
2023-07-07,214
2023-07-08,195
2023-07-09,225
2023-07-10,334
2023-07-11,204
2023-07-12,219
2023-07-13,281
2023-07-14,221
2023-07-15,198
2023-07-16,177
2023-07-17,238
2023-07-18,229
2023-07-19,238
2023-07-20,218
2023-07-21,210
2023-07-22,200
2023-07-23,194
2023-07-24,186
2023-07-25,271
2023-07-26,266
2023-07-27,234
2023-07-28,218
2023-07-29,182
2023-07-30,230
2023-07-31,223
2023-08-01,247
2023-08-02,335
2023-08-03,293
2023-08-04,222
2023-08-05,143
2023-08-06,169
2023-08-07,176
2023-08-08,191
2023-08-09,187
2023-08-10,154
2023-08-11,178
2023-08-12,192
2023-08-13,141
2023-08-14,169
2023-08-15,167
2023-08-16,189
2023-08-17,191
2023-08-18,186
2023-08-19,182
2023-08-20,152
2023-08-21,177
2023-08-22,172
2023-08-23,180
2023-08-24,155
2023-08-25,167
2023-08-26,159
2023-08-27,154
2023-08-28,129
2023-08-29,159
2023-08-30,169
2023-08-31,162
2023-09-01,187
2023-09-02,185
2023-09-03,179
2023-09-04,165
2023-09-05,168
2023-09-06,166
2023-09-07,151
2023-09-08,177
2023-09-09,155
2023-09-10,147
2023-09-11,156
2023-09-12,185
2023-09-13,193
2023-09-14,180
2023-09-15,207
2023-09-16,164
2023-09-17,138
2023-09-18,173
2023-09-19,159
2023-09-20,175
2023-09-21,169
2023-09-22,178
2023-09-23,132
2023-09-24,147
2023-09-25,160
2023-09-26,142
2023-09-27,152
2023-09-28,123
2023-09-29,135
2023-09-30,151
2023-10-01,167
2023-10-02,161
2023-10-03,151
2023-10-04,159
2023-10-05,165
2023-10-06,169
2023-10-07,165
2023-10-08,140
2023-10-09,149
2023-10-10,160
2023-10-11,184
2023-10-12,168
2023-10-13,137
2023-10-14,127
2023-10-15,117
2023-10-16,158
2023-10-17,135
2023-10-18,126
2023-10-19,153
2023-10-20,166
2023-10-21,144
2023-10-22,137
2023-10-23,138
2023-10-24,215
2023-10-25,195
2023-10-26,173
2023-10-27,163
2023-10-28,156
2023-10-29,139
2023-10-30,133
2023-10-31,131
2023-11-01,158
2023-11-02,147
2023-11-03,147
2023-11-04,121
2023-11-05,173
2023-11-06,214
2023-11-07,168
2023-11-08,189
2023-11-09,173
2023-11-10,195
2023-11-11,172
2023-11-12,155
2023-11-13,190
2023-11-14,199
2023-11-15,311
2023-11-16,203
2023-11-17,133
2023-11-18,147
2023-11-19,143
2023-11-20,216
2023-11-21,213
2023-11-22,232
2023-11-23,181
2023-11-24,143
2023-11-25,162
2023-11-26,165
2023-11-27,155
2023-11-28,163
2023-11-29,164
2023-11-30,159
2023-12-01,170
2023-12-02,169
2023-12-03,137
2023-12-04,168
2023-12-05,169
2023-12-06,201
2023-12-07,173
2023-12-08,189
2023-12-09,188
2023-12-10,200
2023-12-11,167
2023-12-12,188
2023-12-13,160
2023-12-14,196
2023-12-15,168
2023-12-16,162
2023-12-17,178
2023-12-18,154
2023-12-19,153
2023-12-20,173
2023-12-21,141
2023-12-22,149
2023-12-23,172
2023-12-24,170
2023-12-25,163
2023-12-26,167
2023-12-27,207
2023-12-28,196
2023-12-29,247
2023-12-30,177
2023-12-31,143
2024-01-01,154
2024-01-02,176
2024-01-03,198
2024-01-04,184
2024-01-05,178
2024-01-06,189
2024-01-07,196
2024-01-08,197
2024-01-09,229
2024-01-10,226
2024-01-11,215
2024-01-12,271
2024-01-13,165
2024-01-14,142
2024-01-15,180
2024-01-16,180
2024-01-17,179
2024-01-18,200
2024-01-19,214
2024-01-20,182
2024-01-21,187
2024-01-22,308
2024-01-23,448
2024-01-24,190
2024-01-25,139
2024-01-26,135
2024-01-27,148
2024-01-28,161
2024-01-29,182
2024-01-30,181
2024-01-31,165
2024-02-01,164
2024-02-02,220
2024-02-03,155
2024-02-04,192
2024-02-05,175
2024-02-06,186
2024-02-07,159
2024-02-08,182
2024-02-09,200
2024-02-10,197
2024-02-11,199
2024-02-12,199
2024-02-13,192
2024-02-14,190
2024-02-15,164
2024-02-16,192
2024-02-17,162
2024-02-18,158
2024-02-19,212
2024-02-20,201
2024-02-21,174
2024-02-22,189
2024-02-23,190
2024-02-24,139
2024-02-25,178
2024-02-26,207
2024-02-27,226
2024-02-28,260
2024-02-29,296
2024-03-01,288
2024-03-02,342
2024-03-03,267
2024-03-04,402
2024-03-05,412
2024-03-06,356
2024-03-07,303
2024-03-08,354
2024-03-09,287
2024-03-10,313
2024-03-11,465
2024-03-12,435
2024-03-13,334
2024-03-14,319
2024-03-15,260
2024-03-16,231
2024-03-17,237
2024-03-18,258
2024-03-19,233
2024-03-20,217
2024-03-21,223
2024-03-22,242
2024-03-23,205
2024-03-24,215
2024-03-25,252
2024-03-26,269
2024-03-27,274
2024-03-28,256
2024-03-29,350
2024-03-30,295
2024-03-31,271
2024-04-01,319
2024-04-02,321
2024-04-03,304
2024-04-04,306
2024-04-05,217
2024-04-06,211
2024-04-07,233
2024-04-08,225
2024-04-09,229
2024-04-10,203
2024-04-11,342
2024-04-12,231
2024-04-13,218
2024-04-14,213
2024-04-15,296
2024-04-16,200
2024-04-17,244
2024-04-18,237
2024-04-19,260
2024-04-20,264
2024-04-21,221
2024-04-22,221
2024-04-23,203
2024-04-24,228
2024-04-25,190
2024-04-26,264
2024-04-27,202
2024-04-28,216
2024-04-29,220
2024-04-30,235
2024-05-01,215
2024-05-02,278
2024-05-03,211
2024-05-04,222
2024-05-05,188
2024-05-06,199
2024-05-07,196
2024-05-08,177
2024-05-09,172
2024-05-10,212
2024-05-11,164
2024-05-12,159
2024-05-13,161
2024-05-14,196
2024-05-15,189
2024-05-16,226
2024-05-17,173
2024-05-18,191
2024-05-19,198
2024-05-20,230
2024-05-21,205
2024-05-22,211
2024-05-23,230
2024-05-24,305
2024-05-25,245
2024-05-26,219
2024-05-27,241
2024-05-28,228
2024-05-29,237
2024-05-30,212
2024-05-31,178
2024-06-01,185
2024-06-02,208
2024-06-03,249
2024-06-04,234
2024-06-05,220
2024-06-06,219
2024-06-07,229
2024-06-08,198
2024-06-09,208
2024-06-10,198
2024-06-11,188
2024-06-12,216
2024-06-13,203
2024-06-14,169
2024-06-15,171
2024-06-16,177
2024-06-17,155
2024-06-18,202
2024-06-19,203
2024-06-20,181
2024-06-21,178
2024-06-22,153
2024-06-23,179
2024-06-24,204
2024-06-25,226
2024-06-26,169
2024-06-27,169
2024-06-28,128
2024-06-29,145
2024-06-30,162
2024-07-01,191
2024-07-02,193
2024-07-03,176
2024-07-04,219
2024-07-05,218
2024-07-06,172
2024-07-07,145
2024-07-08,202
2024-07-09,157
2024-07-10,156
2024-07-11,175
2024-07-12,195
2024-07-13,173
2024-07-14,155
2024-07-15,204
2024-07-16,226
2024-07-17,235
2024-07-18,172
2024-07-19,166
2024-07-20,170
2024-07-21,143
2024-07-22,156
2024-07-23,214
2024-07-24,220
2024-07-25,218
2024-07-26,220
2024-07-27,167
2024-07-28,186
2024-07-29,246
2024-07-30,191
2024-07-31,205
2024-08-01,193
2024-08-02,226
2024-08-03,151
2024-08-04,178
2024-08-05,294
2024-08-06,288
2024-08-07,264
2024-08-08,450
2024-08-09,220
2024-08-10,169
2024-08-11,181
2024-08-12,204
2024-08-13,198
2024-08-14,216
2024-08-15,183
2024-08-16,208
2024-08-17,195
2024-08-18,181
2024-08-19,220
2024-08-20,182
2024-08-21,216
2024-08-22,224
2024-08-23,207
2024-08-24,190
2024-08-25,178
2024-08-26,198
2024-08-27,231
2024-08-28,246
2024-08-29,307
2024-08-30,281
2024-08-31,185
2024-09-01,320
2024-09-02,287
2024-09-03,288
2024-09-04,306
2024-09-05,290
2024-09-06,216
2024-09-07,250
2024-09-08,234
2024-09-09,246
2024-09-10,227
2024-09-11,472
2024-09-12,251
2024-09-13,212
2024-09-14,210
2024-09-15,175
2024-09-16,211
2024-09-17,218
2024-09-18,215
2024-09-19,239
2024-09-20,238
2024-09-21,263
2024-09-22,279
2024-09-23,255
2024-09-24,255
2024-09-25,275
2024-09-26,294
2024-09-27,275
2024-09-28,260
2024-09-29,266
2024-09-30,290
2024-10-01,259
2024-10-02,192
2024-10-03,215
2024-10-04,194
2024-10-05,205
2024-10-06,216
2024-10-07,206
2024-10-08,217
2024-10-09,231
2024-10-10,219
2024-10-11,238
2024-10-12,201
2024-10-13,166
2024-10-14,259
2024-10-15,250
2024-10-16,231
2024-10-17,274
2024-10-18,267
2024-10-19,228
2024-10-20,229
2024-10-21,282
2024-10-22,243
2024-10-23,182
2024-10-24,178
2024-10-25,214
2024-10-26,164
2024-10-27,187
2024-10-28,196
2024-10-29,198
2024-10-30,229
2024-10-31,203
2024-11-01,245
2024-11-02,221
2024-11-03,189
2024-11-04,207
2024-11-05,230
2024-11-06,295
2024-11-07,311
2024-11-08,298
2024-11-09,262
2024-11-10,320
2024-11-11,446
2024-11-12,554
2024-11-13,526
2024-11-14,1337
2024-11-15,606
2024-11-16,548
2024-11-17,494
2024-11-18,481
2024-11-19,427
2024-11-20,462
2024-11-21,546
2024-11-22,580
2024-11-23,705
2024-11-24,568
2024-11-25,551
2024-11-26,557
2024-11-27,468
2024-11-28,490
2024-11-29,628
2024-11-30,607
2024-12-01,664
2024-12-02,979
2024-12-03,701
2024-12-04,630
2024-12-05,995
2024-12-06,823
2024-12-07,703
2024-12-08,613
2024-12-09,601
2024-12-10,577
2024-12-11,544
2024-12-12,550
2024-12-13,438
2024-12-14,471
2024-12-15,448
2024-12-16,532
2024-12-17,633
2024-12-18,658
2024-12-19,544
2024-12-20,495
2024-12-21,409
2024-12-22,435
2024-12-23,453
2024-12-24,425
2024-12-25,397
2024-12-26,415
2024-12-27,430
2024-12-28,403
2024-12-29,389
2024-12-30,389
2024-12-31,370
