Date,"Ethereum"
2015-07-01,254
2015-07-02,222
2015-07-03,245
2015-07-04,275
2015-07-05,207
2015-07-06,268
2015-07-07,286
2015-07-08,276
2015-07-09,247
2015-07-10,191
2015-07-11,176
2015-07-12,184
2015-07-13,305
2015-07-14,344
2015-07-15,289
2015-07-16,233
2015-07-17,220
2015-07-18,196
2015-07-19,189
2015-07-20,212
2015-07-21,303
2015-07-22,460
2015-07-23,400
2015-07-24,294
2015-07-25,243
2015-07-26,282
2015-07-27,616
2015-07-28,620
2015-07-29,518
2015-07-30,1158
2015-07-31,1326
2015-08-01,911
2015-08-02,886
2015-08-03,925
2015-08-04,829
2015-08-05,841
2015-08-06,914
2015-08-07,925
2015-08-08,793
2015-08-09,720
2015-08-10,713
2015-08-11,686
2015-08-12,918
2015-08-13,1071
2015-08-14,1054
2015-08-15,610
2015-08-16,600
2015-08-17,651
2015-08-18,642
2015-08-19,642
2015-08-20,678
2015-08-21,540
2015-08-22,379
2015-08-23,414
2015-08-24,529
2015-08-25,608
2015-08-26,572
2015-08-27,519
2015-08-28,433
2015-08-29,375
2015-08-30,351
2015-08-31,532
2015-09-01,500
2015-09-02,480
2015-09-03,544
2015-09-04,455
2015-09-05,340
2015-09-06,421
2015-09-07,549
2015-09-08,528
2015-09-09,625
2015-09-10,509
2015-09-11,411
2015-09-12,411
2015-09-13,454
2015-09-14,510
2015-09-15,777
2015-09-16,1082
2015-09-17,855
2015-09-18,838
2015-09-19,712
2015-09-20,923
2015-09-21,1012
2015-09-22,916
2015-09-23,930
2015-09-24,881
2015-09-25,717
2015-09-26,559
2015-09-27,573
2015-09-28,705
2015-09-29,734
2015-09-30,783
2015-10-01,609
2015-10-02,624
2015-10-03,528
2015-10-04,507
2015-10-05,597
2015-10-06,679
2015-10-07,663
2015-10-08,595
2015-10-09,571
2015-10-10,456
2015-10-11,447
2015-10-12,637
2015-10-13,685
2015-10-14,555
2015-10-15,544
2015-10-16,476
2015-10-17,337
2015-10-18,333
2015-10-19,691
2015-10-20,541
2015-10-21,546
2015-10-22,519
2015-10-23,454
2015-10-24,415
2015-10-25,417
2015-10-26,580
2015-10-27,676
2015-10-28,890
2015-10-29,843
2015-10-30,755
2015-10-31,596
2015-11-01,574
2015-11-02,810
2015-11-03,719
2015-11-04,817
2015-11-05,658
2015-11-06,637
2015-11-07,439
2015-11-08,511
2015-11-09,713
2015-11-10,668
2015-11-11,930
2015-11-12,820
2015-11-13,703
2015-11-14,631
2015-11-15,616
2015-11-16,790
2015-11-17,651
2015-11-18,627
2015-11-19,668
2015-11-20,597
2015-11-21,385
2015-11-22,446
2015-11-23,734
2015-11-24,625
2015-11-25,654
2015-11-26,529
2015-11-27,619
2015-11-28,411
2015-11-29,483
2015-11-30,624
2015-12-01,551
2015-12-02,603
2015-12-03,595
2015-12-04,516
2015-12-05,585
2015-12-06,599
2015-12-07,708
2015-12-08,654
2015-12-09,804
2015-12-10,712
2015-12-11,623
2015-12-12,546
2015-12-13,580
2015-12-14,684
2015-12-15,642
2015-12-16,653
2015-12-17,698
2015-12-18,674
2015-12-19,450
2015-12-20,453
2015-12-21,587
2015-12-22,519
2015-12-23,518
2015-12-24,385
2015-12-25,333
2015-12-26,385
2015-12-27,463
2015-12-28,534
2015-12-29,446
2015-12-30,398
2015-12-31,435
2016-01-01,333
2016-01-02,434
2016-01-03,516
2016-01-04,691
2016-01-05,663
2016-01-06,797
2016-01-07,864
2016-01-08,669
2016-01-09,498
2016-01-10,669
2016-01-11,846
2016-01-12,756
2016-01-13,816
2016-01-14,731
2016-01-15,952
2016-01-16,835
2016-01-17,688
2016-01-18,933
2016-01-19,903
2016-01-20,930
2016-01-21,1310
2016-01-22,989
2016-01-23,952
2016-01-24,1246
2016-01-25,1763
2016-01-26,1685
2016-01-27,1470
2016-01-28,1251
2016-01-29,1060
2016-01-30,720
2016-01-31,864
2016-02-01,1094
2016-02-02,988
2016-02-03,1043
2016-02-04,1073
2016-02-05,923
2016-02-06,641
2016-02-07,801
2016-02-08,1223
2016-02-09,1562
2016-02-10,1988
2016-02-11,1896
2016-02-12,2090
2016-02-13,1419
2016-02-14,1091
2016-02-15,1587
2016-02-16,1602
2016-02-17,1695
2016-02-18,1138
2016-02-19,1285
2016-02-20,1613
2016-02-21,1245
2016-02-22,1596
2016-02-23,1695
2016-02-24,1459
2016-02-25,1619
2016-02-26,1968
2016-02-27,1512
2016-02-28,1299
2016-02-29,1435
2016-03-01,1686
2016-03-02,2139
2016-03-03,2837
2016-03-04,2030
2016-03-05,2628
2016-03-06,2129
2016-03-07,1950
2016-03-08,1647
2016-03-09,1619
2016-03-10,1642
2016-03-11,1364
2016-03-12,1966
2016-03-13,2460
2016-03-14,2556
2016-03-15,2249
2016-03-16,1925
2016-03-17,1750
2016-03-18,1728
2016-03-19,1453
2016-03-20,2129
2016-03-21,2742
2016-03-22,1990
2016-03-23,1795
2016-03-24,1768
2016-03-25,1335
2016-03-26,1022
2016-03-27,1157
2016-03-28,3924
2016-03-29,3200
2016-03-30,2135
2016-03-31,1882
2016-04-01,1528
2016-04-02,1148
2016-04-03,1211
2016-04-04,1537
2016-04-05,1448
2016-04-06,1455
2016-04-07,1544
2016-04-08,1277
2016-04-09,1173
2016-04-10,1173
2016-04-11,1537
2016-04-12,1536
2016-04-13,1407
2016-04-14,1358
2016-04-15,1191
2016-04-16,950
2016-04-17,1014
2016-04-18,1265
2016-04-19,1264
2016-04-20,1323
2016-04-21,1412
2016-04-22,1238
2016-04-23,884
2016-04-24,890
2016-04-25,1371
2016-04-26,1263
2016-04-27,1335
2016-04-28,1279
2016-04-29,1282
2016-04-30,980
2016-05-01,1050
2016-05-02,2051
2016-05-03,1871
2016-05-04,1636
2016-05-05,1753
2016-05-06,1871
2016-05-07,1326
2016-05-08,1365
2016-05-09,1927
2016-05-10,2063
2016-05-11,1900
2016-05-12,2001
2016-05-13,1831
2016-05-14,1518
2016-05-15,1803
2016-05-16,3160
2016-05-17,3386
2016-05-18,3283
2016-05-19,3380
2016-05-20,3080
2016-05-21,2105
2016-05-22,2800
2016-05-23,3791
2016-05-24,3236
2016-05-25,4014
2016-05-26,3128
2016-05-27,3019
2016-05-28,2233
2016-05-29,2283
2016-05-30,2956
2016-05-31,3187
2016-06-01,2873
2016-06-02,2663
2016-06-03,2295
2016-06-04,1720
2016-06-05,1659
2016-06-06,2228
2016-06-07,2327
2016-06-08,2342
2016-06-09,2018
2016-06-10,1803
2016-06-11,1459
2016-06-12,1992
2016-06-13,2851
2016-06-14,3211
2016-06-15,2800
2016-06-16,3091
2016-06-17,7939
2016-06-18,5854
2016-06-19,4562
2016-06-20,4434
2016-06-21,4253
2016-06-22,2923
2016-06-23,2277
2016-06-24,1788
2016-06-25,1403
2016-06-26,1270
2016-06-27,1873
2016-06-28,1915
2016-06-29,1933
2016-06-30,1857
2016-07-01,1511
2016-07-02,1108
2016-07-03,1288
2016-07-04,1599
2016-07-05,1805
2016-07-06,1534
2016-07-07,1513
2016-07-08,1249
2016-07-09,1021
2016-07-10,1137
2016-07-11,1437
2016-07-12,1366
2016-07-13,1295
2016-07-14,1357
2016-07-15,1258
2016-07-16,973
2016-07-17,946
2016-07-18,1337
2016-07-19,1537
2016-07-20,1971
2016-07-21,3688
2016-07-22,2607
2016-07-23,1733
2016-07-24,1627
2016-07-25,2349
2016-07-26,4121
2016-07-27,2956
2016-07-28,2285
2016-07-29,1697
2016-07-30,1286
2016-07-31,1356
2016-08-01,1660
2016-08-02,1843
2016-08-03,2940
2016-08-04,2182
2016-08-05,1718
2016-08-06,1192
2016-08-07,1429
2016-08-08,1853
2016-08-09,1619
2016-08-10,1458
2016-08-11,1399
2016-08-12,1354
2016-08-13,942
2016-08-14,1006
2016-08-15,1485
2016-08-16,1494
2016-08-17,1410
2016-08-18,1341
2016-08-19,1348
2016-08-20,1146
2016-08-21,1178
2016-08-22,1666
2016-08-23,1737
2016-08-24,1600
2016-08-25,1935
2016-08-26,1530
2016-08-27,1252
2016-08-28,1535
2016-08-29,1778
2016-08-30,1624
2016-08-31,1565
2016-09-01,1427
2016-09-02,1430
2016-09-03,1096
2016-09-04,1104
2016-09-05,1266
2016-09-06,1637
2016-09-07,1508
2016-09-08,1343
2016-09-09,1254
2016-09-10,971
2016-09-11,1119
2016-09-12,1471
2016-09-13,1841
2016-09-14,1567
2016-09-15,1319
2016-09-16,1325
2016-09-17,1121
2016-09-18,1265
2016-09-19,1482
2016-09-20,1633
2016-09-21,1743
2016-09-22,1515
2016-09-23,1502
2016-09-24,1314
2016-09-25,1544
2016-09-26,1690
2016-09-27,1728
2016-09-28,1637
2016-09-29,1554
2016-09-30,1314
2016-10-01,960
2016-10-02,1153
2016-10-03,1397
2016-10-04,1741
2016-10-05,1647
2016-10-06,1554
2016-10-07,1403
2016-10-08,903
2016-10-09,1089
2016-10-10,1259
2016-10-11,1510
2016-10-12,1671
2016-10-13,1618
2016-10-14,1508
2016-10-15,1152
2016-10-16,1223
2016-10-17,1518
2016-10-18,1699
2016-10-19,1421
2016-10-20,1329
2016-10-21,1322
2016-10-22,900
2016-10-23,951
2016-10-24,1415
2016-10-25,1553
2016-10-26,1439
2016-10-27,1343
2016-10-28,1198
2016-10-29,951
2016-10-30,963
2016-10-31,1276
2016-11-01,1378
2016-11-02,1390
2016-11-03,1519
2016-11-04,1435
2016-11-05,1179
2016-11-06,1228
2016-11-07,1659
2016-11-08,1578
2016-11-09,1319
2016-11-10,1319
2016-11-11,1220
2016-11-12,973
2016-11-13,977
2016-11-14,1365
2016-11-15,1551
2016-11-16,1412
2016-11-17,1495
2016-11-18,1285
2016-11-19,847
2016-11-20,955
2016-11-21,1552
2016-11-22,1643
2016-11-23,1404
2016-11-24,1309
2016-11-25,1086
2016-11-26,802
2016-11-27,911
2016-11-28,1396
2016-11-29,1357
2016-11-30,1268
2016-12-01,1271
2016-12-02,1173
2016-12-03,862
2016-12-04,904
2016-12-05,1237
2016-12-06,1194
2016-12-07,1208
2016-12-08,1248
2016-12-09,1187
2016-12-10,865
2016-12-11,1002
2016-12-12,1411
2016-12-13,1530
2016-12-14,1471
2016-12-15,1316
2016-12-16,1173
2016-12-17,940
2016-12-18,904
2016-12-19,1174
2016-12-20,1180
2016-12-21,1134
2016-12-22,1208
2016-12-23,1203
2016-12-24,935
2016-12-25,944
2016-12-26,1151
2016-12-27,1354
2016-12-28,1453
2016-12-29,1576
2016-12-30,1408
2016-12-31,1049
2017-01-01,1127
2017-01-02,1935
2017-01-03,2330
2017-01-04,2524
2017-01-05,2593
2017-01-06,2092
2017-01-07,1835
2017-01-08,1726
2017-01-09,2091
2017-01-10,1895
2017-01-11,2051
2017-01-12,1918
2017-01-13,1584
2017-01-14,1344
2017-01-15,1333
2017-01-16,1559
2017-01-17,1764
2017-01-18,1711
2017-01-19,1612
2017-01-20,1312
2017-01-21,1092
2017-01-22,1148
2017-01-23,1678
2017-01-24,1672
2017-01-25,1535
2017-01-26,1428
2017-01-27,1368
2017-01-28,1109
2017-01-29,1188
2017-01-30,1501
2017-01-31,1506
2017-02-01,1651
2017-02-02,1563
2017-02-03,1476
2017-02-04,1196
2017-02-05,1149
2017-02-06,1668
2017-02-07,1806
2017-02-08,1785
2017-02-09,1615
2017-02-10,1815
2017-02-11,1325
2017-02-12,1656
2017-02-13,1856
2017-02-14,2017
2017-02-15,1922
2017-02-16,1744
2017-02-17,1865
2017-02-18,1397
2017-02-19,1349
2017-02-20,1736
2017-02-21,1689
2017-02-22,1830
2017-02-23,1847
2017-02-24,1925
2017-02-25,1430
2017-02-26,1714
2017-02-27,2384
2017-02-28,5040
2017-03-01,4175
2017-03-02,3830
2017-03-03,4303
2017-03-04,2774
2017-03-05,2766
2017-03-06,3197
2017-03-07,2915
2017-03-08,2648
2017-03-09,2376
2017-03-10,2258
2017-03-11,2591
2017-03-12,2782
2017-03-13,5117
2017-03-14,3943
2017-03-15,4015
2017-03-16,6143
2017-03-17,6110
2017-03-18,3661
2017-03-19,3543
2017-03-20,4459
2017-03-21,4402
2017-03-22,4547
2017-03-23,3854
2017-03-24,3734
2017-03-25,3225
2017-03-26,2907
2017-03-27,3909
2017-03-28,3876
2017-03-29,3854
2017-03-30,3506
2017-03-31,2994
2017-04-01,2281
2017-04-02,2282
2017-04-03,2941
2017-04-04,3009
2017-04-05,3426
2017-04-06,3475
2017-04-07,2322
2017-04-08,1763
2017-04-09,1924
2017-04-10,2657
2017-04-11,2454
2017-04-12,2757
2017-04-13,2786
2017-04-14,2135
2017-04-15,1703
2017-04-16,1922
2017-04-17,2340
2017-04-18,2832
2017-04-19,2651
2017-04-20,3030
2017-04-21,3466
2017-04-22,2123
2017-04-23,2125
2017-04-24,3573
2017-04-25,3480
2017-04-26,3686
2017-04-27,3566
2017-04-28,4526
2017-04-29,4036
2017-04-30,3947
2017-05-01,5616
2017-05-02,5316
2017-05-03,4817
2017-05-04,6461
2017-05-05,6316
2017-05-06,4339
2017-05-07,4490
2017-05-08,5487
2017-05-09,5672
2017-05-10,5626
2017-05-11,5274
2017-05-12,4852
2017-05-13,3819
2017-05-14,4047
2017-05-15,5449
2017-05-16,4993
2017-05-17,4493
2017-05-18,4349
2017-05-19,6810
2017-05-20,5843
2017-05-21,6952
2017-05-22,15908
2017-05-23,13826
2017-05-24,15612
2017-05-25,16775
2017-05-26,11013
2017-05-27,8131
2017-05-28,7604
2017-05-29,9069
2017-05-30,12001
2017-05-31,12821
2017-06-01,12052
2017-06-02,9567
2017-06-03,7733
2017-06-04,8534
2017-06-05,11441
2017-06-06,14210
2017-06-07,14441
2017-06-08,11193
2017-06-09,10408
2017-06-10,11875
2017-06-11,15676
2017-06-12,21580
2017-06-13,20800
2017-06-14,16697
2017-06-15,13068
2017-06-16,10859
2017-06-17,8752
2017-06-18,9426
2017-06-19,11816
2017-06-20,13426
2017-06-21,14208
2017-06-22,12626
2017-06-23,10490
2017-06-24,9018
2017-06-25,9095
2017-06-26,12468
2017-06-27,12809
2017-06-28,11551
2017-06-29,10121
2017-06-30,7735
2017-07-01,6173
2017-07-02,6313
2017-07-03,7893
2017-07-04,7104
2017-07-05,7401
2017-07-06,7633
2017-07-07,7482
2017-07-08,6651
2017-07-09,6377
2017-07-10,9410
2017-07-11,9175
2017-07-12,8243
2017-07-13,6853
2017-07-14,6140
2017-07-15,5121
2017-07-16,5711
2017-07-17,6847
2017-07-18,7268
2017-07-19,7224
2017-07-20,7625
2017-07-21,7726
2017-07-22,4819
2017-07-23,5654
2017-07-24,6962
2017-07-25,6311
2017-07-26,6845
2017-07-27,6351
2017-07-28,5750
2017-07-29,4732
2017-07-30,4777
2017-07-31,5834
2017-08-01,6126
2017-08-02,5723
2017-08-03,4931
2017-08-04,4655
2017-08-05,4018
2017-08-06,4288
2017-08-07,5673
2017-08-08,5993
2017-08-09,6157
2017-08-10,5968
2017-08-11,5744
2017-08-12,5275
2017-08-13,6012
2017-08-14,7819
2017-08-15,7317
2017-08-16,6869
2017-08-17,6894
2017-08-18,5845
2017-08-19,5049
2017-08-20,5316
2017-08-21,6881
2017-08-22,6585
2017-08-23,6507
2017-08-24,6302
2017-08-25,5707
2017-08-26,4521
2017-08-27,4667
2017-08-28,5670
2017-08-29,6964
2017-08-30,7311
2017-08-31,7334
2017-09-01,6903
2017-09-02,5675
2017-09-03,5857
2017-09-04,7302
2017-09-05,7473
2017-09-06,6227
2017-09-07,6203
2017-09-08,5360
2017-09-09,4100
2017-09-10,4240
2017-09-11,5318
2017-09-12,5651
2017-09-13,6421
2017-09-14,5547
2017-09-15,4940
2017-09-16,3743
2017-09-17,4050
2017-09-18,6403
2017-09-19,8264
2017-09-20,6059
2017-09-21,5201
2017-09-22,4907
2017-09-23,3543
2017-09-24,3507
2017-09-25,4459
2017-09-26,4500
2017-09-27,4362
2017-09-28,4073
2017-09-29,3727
2017-09-30,3000
2017-10-01,3199
2017-10-02,4037
2017-10-03,3930
2017-10-04,3886
2017-10-05,3946
2017-10-06,3681
2017-10-07,2981
2017-10-08,3338
2017-10-09,4283
2017-10-10,4239
2017-10-11,4305
2017-10-12,5182
2017-10-13,5499
2017-10-14,4163
2017-10-15,4317
2017-10-16,5785
2017-10-17,5866
2017-10-18,5106
2017-10-19,5071
2017-10-20,4986
2017-10-21,4472
2017-10-22,4396
2017-10-23,6092
2017-10-24,6012
2017-10-25,6001
2017-10-26,5334
2017-10-27,5179
2017-10-28,3737
2017-10-29,4950
2017-10-30,5892
2017-10-31,5770
2017-11-01,6518
2017-11-02,7543
2017-11-03,6491
2017-11-04,5175
2017-11-05,5407
2017-11-06,6706
2017-11-07,7106
2017-11-08,8177
2017-11-09,7573
2017-11-10,6015
2017-11-11,4742
2017-11-12,6848
2017-11-13,6542
2017-11-14,7666
2017-11-15,6956
2017-11-16,5776
2017-11-17,5769
2017-11-18,5044
2017-11-19,5372
2017-11-20,7082
2017-11-21,7676
2017-11-22,7421
2017-11-23,8511
2017-11-24,7984
2017-11-25,7761
2017-11-26,8653
2017-11-27,13638
2017-11-28,13703
2017-11-29,18438
2017-11-30,14850
2017-12-01,11187
2017-12-02,9662
2017-12-03,10086
2017-12-04,13371
2017-12-05,13148
2017-12-06,14076
2017-12-07,18683
2017-12-08,17714
2017-12-09,14021
2017-12-10,13410
2017-12-11,16653
2017-12-12,20202
2017-12-13,20895
2017-12-14,16677
2017-12-15,13704
2017-12-16,12598
2017-12-17,13252
2017-12-18,15059
2017-12-19,16558
2017-12-20,14233
2017-12-21,12161
2017-12-22,11424
2017-12-23,9914
2017-12-24,8511
2017-12-25,9021
2017-12-26,10413
2017-12-27,10883
2017-12-28,9689
2017-12-29,9448
2017-12-30,7678
2017-12-31,6335
2018-01-01,6340
2018-01-02,10701
2018-01-03,11354
2018-01-04,12828
2018-01-05,12177
2018-01-06,9585
2018-01-07,11149
2018-01-08,14735
2018-01-09,14687
2018-01-10,17235
2018-01-11,12743
2018-01-12,11185
2018-01-13,10510
2018-01-14,10156
2018-01-15,11369
2018-01-16,12568
2018-01-17,12326
2018-01-18,9842
2018-01-19,8853
2018-01-20,7322
2018-01-21,7714
2018-01-22,8164
2018-01-23,7817
2018-01-24,7988
2018-01-25,7597
2018-01-26,6417
2018-01-27,5458
2018-01-28,6198
2018-01-29,7367
2018-01-30,7102
2018-01-31,7295
2018-02-01,7259
2018-02-02,6668
2018-02-03,5381
2018-02-04,7649
2018-02-05,13379
2018-02-06,7078
2018-02-07,6359
2018-02-08,5978
2018-02-09,5413
2018-02-10,4347
2018-02-11,5133
2018-02-12,5980
2018-02-13,5586
2018-02-14,5536
2018-02-15,5896
2018-02-16,4614
2018-02-17,4092
2018-02-18,4019
2018-02-19,5410
2018-02-20,5340
2018-02-21,4818
2018-02-22,4588
2018-02-23,3960
2018-02-24,3522
2018-02-25,6777
2018-02-26,8009
2018-02-27,10418
2018-02-28,8557
2018-03-01,3646
2018-03-02,3428
2018-03-03,3071
2018-03-04,2905
2018-03-05,3914
2018-03-06,4010
2018-03-07,3662
2018-03-08,3652
2018-03-09,3365
2018-03-10,2855
2018-03-11,3572
2018-03-12,4051
2018-03-13,3709
2018-03-14,3551
2018-03-15,3281
2018-03-16,2875
2018-03-17,2932
2018-03-18,5673
2018-03-19,26233
2018-03-20,12973
2018-03-21,22997
2018-03-22,30494
2018-03-23,24796
2018-03-24,2910
2018-03-25,2275
2018-03-26,3411
2018-03-27,3432
2018-03-28,4205
2018-03-29,5073
2018-03-30,4649
2018-03-31,3918
2018-04-01,4164
2018-04-02,4200
2018-04-03,4946
2018-04-04,5719
2018-04-05,5109
2018-04-06,4381
2018-04-07,4908
2018-04-08,5320
2018-04-09,4354
2018-04-10,4345
2018-04-11,4084
2018-04-12,4372
2018-04-13,3846
2018-04-14,3346
2018-04-15,3584
2018-04-16,4411
2018-04-17,4038
2018-04-18,4847
2018-04-19,3915
2018-04-20,4484
2018-04-21,4366
2018-04-22,5395
2018-04-23,6717
2018-04-24,6745
2018-04-25,5029
2018-04-26,4493
2018-04-27,2811
2018-04-28,1855
2018-04-29,2314
2018-04-30,4455
2018-05-01,3142
2018-05-02,3199
2018-05-03,3203
2018-05-04,3534
2018-05-05,2385
2018-05-06,2213
2018-05-07,2965
2018-05-08,3152
2018-05-09,2755
2018-05-10,3597
2018-05-11,2330
2018-05-12,2099
2018-05-13,1927
2018-05-14,2951
2018-05-15,3561
2018-05-16,4340
2018-05-17,2638
2018-05-18,3236
2018-05-19,2609
2018-05-20,2568
2018-05-21,3008
2018-05-22,2799
2018-05-23,2521
2018-05-24,2609
2018-05-25,2196
2018-05-26,2949
2018-05-27,6225
2018-05-28,2140
2018-05-29,2443
2018-05-30,2529
2018-05-31,2375
2018-06-01,2560
2018-06-02,1751
2018-06-03,2152
2018-06-04,2736
2018-06-05,2446
2018-06-06,3250
2018-06-07,2870
2018-06-08,2587
2018-06-09,1837
2018-06-10,1798
2018-06-11,2620
2018-06-12,2689
2018-06-13,2422
2018-06-14,2363
2018-06-15,2074
2018-06-16,1653
2018-06-17,3199
2018-06-18,2712
2018-06-19,2425
2018-06-20,2450
2018-06-21,2587
2018-06-22,2197
2018-06-23,1602
2018-06-24,1848
2018-06-25,2323
2018-06-26,2322
2018-06-27,2224
2018-06-28,2152
2018-06-29,2030
2018-06-30,1496
2018-07-01,1559
2018-07-02,2134
2018-07-03,2157
2018-07-04,2347
2018-07-05,2258
2018-07-06,2008
2018-07-07,1550
2018-07-08,1743
2018-07-09,2778
2018-07-10,3129
2018-07-11,2388
2018-07-12,2118
2018-07-13,2084
2018-07-14,1715
2018-07-15,2219
2018-07-16,2397
2018-07-17,2177
2018-07-18,2163
2018-07-19,2242
2018-07-20,1942
2018-07-21,1461
2018-07-22,1521
2018-07-23,2161
2018-07-24,2364
2018-07-25,2314
2018-07-26,2266
2018-07-27,1859
2018-07-28,1520
2018-07-29,1682
2018-07-30,2360
2018-07-31,2742
2018-08-01,2122
2018-08-02,2130
2018-08-03,1944
2018-08-04,1586
2018-08-05,1443
2018-08-06,2036
2018-08-07,2303
2018-08-08,2155
2018-08-09,2083
2018-08-10,2537
2018-08-11,1679
2018-08-12,1675
2018-08-13,2565
2018-08-14,2933
2018-08-15,2413
2018-08-16,3304
2018-08-17,2815
2018-08-18,1971
2018-08-19,1788
2018-08-20,2175
2018-08-21,2451
2018-08-22,2195
2018-08-23,3362
2018-08-24,1924
2018-08-25,1520
2018-08-26,1515
2018-08-27,2060
2018-08-28,2076
2018-08-29,2809
2018-08-30,2771
2018-08-31,2434
2018-09-01,1651
2018-09-02,1840
2018-09-03,2420
2018-09-04,2233
2018-09-05,2380
2018-09-06,2179
2018-09-07,2076
2018-09-08,1861
2018-09-09,2274
2018-09-10,2560
2018-09-11,2517
2018-09-12,2696
2018-09-13,2262
2018-09-14,2285
2018-09-15,2057
2018-09-16,1924
2018-09-17,2464
2018-09-18,2380
2018-09-19,2198
2018-09-20,2288
2018-09-21,2656
2018-09-22,1964
2018-09-23,1604
2018-09-24,2265
2018-09-25,2220
2018-09-26,2062
2018-09-27,2307
2018-09-28,1721
2018-09-29,1517
2018-09-30,1356
2018-10-01,1666
2018-10-02,1588
2018-10-03,1746
2018-10-04,1739
2018-10-05,1637
2018-10-06,1212
2018-10-07,1240
2018-10-08,1664
2018-10-09,1706
2018-10-10,1798
2018-10-11,1803
2018-10-12,1567
2018-10-13,1213
2018-10-14,1235
2018-10-15,1933
2018-10-16,1858
2018-10-17,1729
2018-10-18,1642
2018-10-19,1512
2018-10-20,1310
2018-10-21,1342
2018-10-22,1677
2018-10-23,1861
2018-10-24,1829
2018-10-25,1786
2018-10-26,1675
2018-10-27,1435
2018-10-28,1711
2018-10-29,2192
2018-10-30,2141
2018-10-31,2178
2018-11-01,2189
2018-11-02,2049
2018-11-03,2305
2018-11-04,1649
2018-11-05,1899
2018-11-06,1741
2018-11-07,1633
2018-11-08,1845
2018-11-09,2625
2018-11-10,2379
2018-11-11,2387
2018-11-12,2037
2018-11-13,2103
2018-11-14,2422
2018-11-15,2275
2018-11-16,1693
2018-11-17,1269
2018-11-18,1269
2018-11-19,1996
2018-11-20,1913
2018-11-21,1825
2018-11-22,1492
2018-11-23,1372
2018-11-24,1244
2018-11-25,1505
2018-11-26,1965
2018-11-27,1959
2018-11-28,1734
2018-11-29,1657
2018-11-30,1656
2018-12-01,1394
2018-12-02,1662
2018-12-03,2114
2018-12-04,1973
2018-12-05,2015
2018-12-06,1781
2018-12-07,1794
2018-12-08,1266
2018-12-09,1257
2018-12-10,1710
2018-12-11,1628
2018-12-12,1676
2018-12-13,1615
2018-12-14,1436
2018-12-15,1143
2018-12-16,1197
2018-12-17,1700
2018-12-18,1491
2018-12-19,1496
2018-12-20,1442
2018-12-21,1290
2018-12-22,1096
2018-12-23,1161
2018-12-24,1162
2018-12-25,984
2018-12-26,1138
2018-12-27,1597
2018-12-28,1512
2018-12-29,1474
2018-12-30,1435
2018-12-31,1431
2019-01-01,1292
2019-01-02,1842
2019-01-03,1962
2019-01-04,1842
2019-01-05,1580
2019-01-06,1526
2019-01-07,1791
2019-01-08,2049
2019-01-09,1904
2019-01-10,1755
2019-01-11,1616
2019-01-12,1370
2019-01-13,1402
2019-01-14,1853
2019-01-15,1994
2019-01-16,1824
2019-01-17,1570
2019-01-18,1670
2019-01-19,1022
2019-01-20,997
2019-01-21,1239
2019-01-22,1328
2019-01-23,1323
2019-01-24,1286
2019-01-25,1162
2019-01-26,914
2019-01-27,1076
2019-01-28,1288
2019-01-29,1316
2019-01-30,1369
2019-01-31,1311
2019-02-01,1181
2019-02-02,1010
2019-02-03,1005
2019-02-04,1574
2019-02-05,1572
2019-02-06,1436
2019-02-07,1356
2019-02-08,1224
2019-02-09,925
2019-02-10,1019
2019-02-11,1362
2019-02-12,1416
2019-02-13,1370
2019-02-14,1387
2019-02-15,1325
2019-02-16,1041
2019-02-17,1117
2019-02-18,1520
2019-02-19,1567
2019-02-20,1537
2019-02-21,1496
2019-02-22,1336
2019-02-23,1148
2019-02-24,1255
2019-02-25,1457
2019-02-26,1415
2019-02-27,1309
2019-02-28,1477
2019-03-01,1359
2019-03-02,1135
2019-03-03,1070
2019-03-04,1390
2019-03-05,1449
2019-03-06,1408
2019-03-07,1265
2019-03-08,1446
2019-03-09,912
2019-03-10,1208
2019-03-11,1432
2019-03-12,1319
2019-03-13,1494
2019-03-14,1194
2019-03-15,1165
2019-03-16,883
2019-03-17,934
2019-03-18,1180
2019-03-19,1169
2019-03-20,1162
2019-03-21,1146
2019-03-22,1173
2019-03-23,858
2019-03-24,890
2019-03-25,1224
2019-03-26,1216
2019-03-27,1236
2019-03-28,1111
2019-03-29,1100
2019-03-30,849
2019-03-31,1147
2019-04-01,1178
2019-04-02,1390
2019-04-03,1519
2019-04-04,1356
2019-04-05,1171
2019-04-06,1030
2019-04-07,1155
2019-04-08,1446
2019-04-09,1313
2019-04-10,1526
2019-04-11,1244
2019-04-12,1229
2019-04-13,904
2019-04-14,993
2019-04-15,1185
2019-04-16,1173
2019-04-17,1213
2019-04-18,1195
2019-04-19,996
2019-04-20,862
2019-04-21,877
2019-04-22,1084
2019-04-23,1226
2019-04-24,1215
2019-04-25,1237
2019-04-26,1120
2019-04-27,829
2019-04-28,927
2019-04-29,1366
2019-04-30,2399
2019-05-01,1938
2019-05-02,1165
2019-05-03,1375
2019-05-04,1142
2019-05-05,975
2019-05-06,1189
2019-05-07,1367
2019-05-08,1342
2019-05-09,1250
2019-05-10,1489
2019-05-11,1117
2019-05-12,1099
2019-05-13,1521
2019-05-14,1700
2019-05-15,1773
2019-05-16,1837
2019-05-17,1341
2019-05-18,1023
2019-05-19,1597
2019-05-20,1338
2019-05-21,1486
2019-05-22,1346
2019-05-23,1199
2019-05-24,1230
2019-05-25,1013
2019-05-26,1160
2019-05-27,1453
2019-05-28,1666
2019-05-29,1657
2019-05-30,1864
2019-05-31,1344
2019-06-01,1074
2019-06-02,960
2019-06-03,1279
2019-06-04,1444
2019-06-05,1256
2019-06-06,1148
2019-06-07,1176
2019-06-08,924
2019-06-09,882
2019-06-10,1121
2019-06-11,1252
2019-06-12,1225
2019-06-13,1310
2019-06-14,1211
2019-06-15,1189
2019-06-16,1058
2019-06-17,1307
2019-06-18,1505
2019-06-19,1669
2019-06-20,1539
2019-06-21,1551
2019-06-22,1353
2019-06-23,1619
2019-06-24,1533
2019-06-25,1803
2019-06-26,1912
2019-06-27,1665
2019-06-28,1423
2019-06-29,1132
2019-06-30,1146
2019-07-01,1383
2019-07-02,1435
2019-07-03,1404
2019-07-04,1305
2019-07-05,1176
2019-07-06,997
2019-07-07,1100
2019-07-08,1468
2019-07-09,1349
2019-07-10,1906
2019-07-11,1608
2019-07-12,1335
2019-07-13,1064
2019-07-14,1059
2019-07-15,1311
2019-07-16,1348
2019-07-17,1439
2019-07-18,1449
2019-07-19,1235
2019-07-20,984
2019-07-21,990
2019-07-22,1258
2019-07-23,1304
2019-07-24,1199
2019-07-25,1248
2019-07-26,1127
2019-07-27,863
2019-07-28,900
2019-07-29,1147
2019-07-30,1318
2019-07-31,1158
2019-08-01,1189
2019-08-02,1141
2019-08-03,874
2019-08-04,856
2019-08-05,1301
2019-08-06,1376
2019-08-07,1452
2019-08-08,1216
2019-08-09,1199
2019-08-10,946
2019-08-11,937
2019-08-12,1181
2019-08-13,1178
2019-08-14,1182
2019-08-15,1056
2019-08-16,1036
2019-08-17,878
2019-08-18,1100
2019-08-19,1533
2019-08-20,1482
2019-08-21,1333
2019-08-22,1230
2019-08-23,1086
2019-08-24,835
2019-08-25,890
2019-08-26,1397
2019-08-27,1389
2019-08-28,1266
2019-08-29,1224
2019-08-30,1102
2019-08-31,1194
2019-09-01,952
2019-09-02,1143
2019-09-03,1302
2019-09-04,1255
2019-09-05,1093
2019-09-06,1050
2019-09-07,847
2019-09-08,926
2019-09-09,1146
2019-09-10,1169
2019-09-11,1484
2019-09-12,1367
2019-09-13,1172
2019-09-14,919
2019-09-15,999
2019-09-16,1249
2019-09-17,1341
2019-09-18,1368
2019-09-19,1381
2019-09-20,1334
2019-09-21,999
2019-09-22,1170
2019-09-23,1201
2019-09-24,1504
2019-09-25,1422
2019-09-26,1334
2019-09-27,1635
2019-09-28,1081
2019-09-29,1013
2019-09-30,1237
2019-10-01,1345
2019-10-02,1234
2019-10-03,1286
2019-10-04,1193
2019-10-05,1069
2019-10-06,1232
2019-10-07,1228
2019-10-08,1245
2019-10-09,1342
2019-10-10,1303
2019-10-11,1240
2019-10-12,1123
2019-10-13,1187
2019-10-14,1337
2019-10-15,1301
2019-10-16,1343
2019-10-17,1403
2019-10-18,1119
2019-10-19,1025
2019-10-20,1111
2019-10-21,1321
2019-10-22,1390
2019-10-23,1443
2019-10-24,1339
2019-10-25,1265
2019-10-26,1154
2019-10-27,1041
2019-10-28,1367
2019-10-29,1652
2019-10-30,1415
2019-10-31,1360
2019-11-01,1138
2019-11-02,970
2019-11-03,1052
2019-11-04,1319
2019-11-05,1332
2019-11-06,1554
2019-11-07,1347
2019-11-08,1235
2019-11-09,970
2019-11-10,1252
2019-11-11,1866
2019-11-12,1674
2019-11-13,1467
2019-11-14,1348
2019-11-15,1375
2019-11-16,1028
2019-11-17,1112
2019-11-18,1341
2019-11-19,1349
2019-11-20,1415
2019-11-21,1353
2019-11-22,1374
2019-11-23,1112
2019-11-24,1209
2019-11-25,1420
2019-11-26,1335
2019-11-27,1338
2019-11-28,1261
2019-11-29,1856
2019-11-30,1648
2019-12-01,1179
2019-12-02,1581
2019-12-03,1861
2019-12-04,2471
2019-12-05,2136
2019-12-06,1687
2019-12-07,1433
2019-12-08,1462
2019-12-09,1342
2019-12-10,1268
2019-12-11,1374
2019-12-12,1383
2019-12-13,1182
2019-12-14,1019
2019-12-15,1020
2019-12-16,1244
2019-12-17,1281
2019-12-18,1462
2019-12-19,1027
2019-12-20,1031
2019-12-21,929
2019-12-22,2720
2019-12-23,6588
2019-12-24,24682
2019-12-25,20258
2019-12-26,7174
2019-12-27,4701
2019-12-28,2436
2019-12-29,2096
2019-12-30,4279
2019-12-31,9149
2020-01-01,10391
2020-01-02,10434
2020-01-03,12078
2020-01-04,4616
2020-01-05,2247
2020-01-06,4523
2020-01-07,13907
2020-01-08,13898
2020-01-09,16395
2020-01-10,11691
2020-01-11,3016
2020-01-12,17189
2020-01-13,15884
2020-01-14,17407
2020-01-15,8669
2020-01-16,1933
2020-01-17,1445
2020-01-18,1292
2020-01-19,1368
2020-01-20,1524
2020-01-21,1724
2020-01-22,1525
2020-01-23,1448
2020-01-24,1230
2020-01-25,1011
2020-01-26,1148
2020-01-27,1439
2020-01-28,1587
2020-01-29,1619
2020-01-30,1392
2020-01-31,1308
2020-02-01,1082
2020-02-02,1152
2020-02-03,1360
2020-02-04,1417
2020-02-05,1448
2020-02-06,1640
2020-02-07,1556
2020-02-08,1273
2020-02-09,1360
2020-02-10,1531
2020-02-11,1580
2020-02-12,1906
2020-02-13,1782
2020-02-14,1517
2020-02-15,1512
2020-02-16,1423
2020-02-17,1482
2020-02-18,1727
2020-02-19,1718
2020-02-20,1604
2020-02-21,1421
2020-02-22,1216
2020-02-23,1231
2020-02-24,1439
2020-02-25,1380
2020-02-26,1401
2020-02-27,1340
2020-02-28,1301
2020-02-29,994
2020-03-01,1093
2020-03-02,1314
2020-03-03,1387
2020-03-04,1405
2020-03-05,1462
2020-03-06,1334
2020-03-07,1177
2020-03-08,1219
2020-03-09,1428
2020-03-10,1363
2020-03-11,1347
2020-03-12,1454
2020-03-13,1308
2020-03-14,1174
2020-03-15,1070
2020-03-16,3681
2020-03-17,1330
2020-03-18,1232
2020-03-19,1246
2020-03-20,1219
2020-03-21,1152
2020-03-22,1134
2020-03-23,1284
2020-03-24,1441
2020-03-25,1288
2020-03-26,1722
2020-03-27,1288
2020-03-28,1421
2020-03-29,1394
2020-03-30,1442
2020-03-31,1428
2020-04-01,1562
2020-04-02,1504
2020-04-03,1317
2020-04-04,1523
2020-04-05,1397
2020-04-06,1666
2020-04-07,1809
2020-04-08,1565
2020-04-09,1681
2020-04-10,1624
2020-04-11,1594
2020-04-12,1478
2020-04-13,1608
2020-04-14,1759
2020-04-15,1661
2020-04-16,1856
2020-04-17,1690
2020-04-18,1792
2020-04-19,1757
2020-04-20,1985
2020-04-21,1762
2020-04-22,3621
2020-04-23,3603
2020-04-24,2014
2020-04-25,2089
2020-04-26,2205
2020-04-27,2395
2020-04-28,2381
2020-04-29,2647
2020-04-30,2608
2020-05-01,2296
2020-05-02,2285
2020-05-03,2304
2020-05-04,2393
2020-05-05,2568
2020-05-06,2457
2020-05-07,2731
2020-05-08,2542
2020-05-09,2313
2020-05-10,2334
2020-05-11,2539
2020-05-12,2688
2020-05-13,2476
2020-05-14,2420
2020-05-15,2244
2020-05-16,2304
2020-05-17,2160
2020-05-18,2597
2020-05-19,2401
2020-05-20,2220
2020-05-21,2070
2020-05-22,1810
2020-05-23,1999
2020-05-24,1835
2020-05-25,1974
2020-05-26,2044
2020-05-27,1964
2020-05-28,2053
2020-05-29,1935
2020-05-30,2234
2020-05-31,2149
2020-06-01,2119
2020-06-02,2366
2020-06-03,2220
2020-06-04,2170
2020-06-05,2226
2020-06-06,2033
2020-06-07,2018
2020-06-08,2352
2020-06-09,2276
2020-06-10,2269
2020-06-11,2139
2020-06-12,1812
2020-06-13,1713
2020-06-14,1749
2020-06-15,2046
2020-06-16,2055
2020-06-17,1987
2020-06-18,1976
2020-06-19,1788
2020-06-20,1867
2020-06-21,1742
2020-06-22,2258
2020-06-23,2169
2020-06-24,2044
2020-06-25,2083
2020-06-26,1963
2020-06-27,1968
2020-06-28,1863
2020-06-29,2097
2020-06-30,2085
2020-07-01,2022
2020-07-02,1987
2020-07-03,2046
2020-07-04,1847
2020-07-05,2082
2020-07-06,2299
2020-07-07,2256
2020-07-08,2440
2020-07-09,2499
2020-07-10,2193
2020-07-11,2064
2020-07-12,2068
2020-07-13,2434
2020-07-14,2509
2020-07-15,2286
2020-07-16,2353
2020-07-17,2248
2020-07-18,2165
2020-07-19,2189
2020-07-20,2292
2020-07-21,2348
2020-07-22,2258
2020-07-23,3128
2020-07-24,2920
2020-07-25,3117
2020-07-26,3877
2020-07-27,4170
2020-07-28,3559
2020-07-29,3232
2020-07-30,3349
2020-07-31,3240
2020-08-01,3861
2020-08-02,4307
2020-08-03,3834
2020-08-04,3687
2020-08-05,3588
2020-08-06,3250
2020-08-07,2927
2020-08-08,2783
2020-08-09,2712
2020-08-10,2914
2020-08-11,2909
2020-08-12,2791
2020-08-13,2908
2020-08-14,3320
2020-08-15,2938
2020-08-16,2897
2020-08-17,3046
2020-08-18,2744
2020-08-19,2566
2020-08-20,2514
2020-08-21,2514
2020-08-22,2170
2020-08-23,2283
2020-08-24,2202
2020-08-25,2327
2020-08-26,2368
2020-08-27,2160
2020-08-28,2160
2020-08-29,1912
2020-08-30,1929
2020-08-31,2087
2020-09-01,2776
2020-09-02,2591
2020-09-03,2259
2020-09-04,1922
2020-09-05,1788
2020-09-06,1812
2020-09-07,2012
2020-09-08,1864
2020-09-09,1769
2020-09-10,1871
2020-09-11,1699
2020-09-12,1538
2020-09-13,1629
2020-09-14,1839
2020-09-15,1765
2020-09-16,1646
2020-09-17,1789
2020-09-18,1642
2020-09-19,1412
2020-09-20,1460
2020-09-21,1663
2020-09-22,1614
2020-09-23,1669
2020-09-24,1576
2020-09-25,1704
2020-09-26,1714
2020-09-27,1665
2020-09-28,1744
2020-09-29,1688
2020-09-30,1554
2020-10-01,1431
2020-10-02,1337
2020-10-03,1222
2020-10-04,1233
2020-10-05,1275
2020-10-06,1407
2020-10-07,1542
2020-10-08,1549
2020-10-09,1665
2020-10-10,1451
2020-10-11,1330
2020-10-12,1870
2020-10-13,1714
2020-10-14,1973
2020-10-15,1835
2020-10-16,1819
2020-10-17,1563
2020-10-18,1513
2020-10-19,1988
2020-10-20,1945
2020-10-21,2030
2020-10-22,2402
2020-10-23,2370
2020-10-24,1719
2020-10-25,1776
2020-10-26,1977
2020-10-27,2199
2020-10-28,1902
2020-10-29,1783
2020-10-30,1742
2020-10-31,1548
2020-11-01,1587
2020-11-02,1850
2020-11-03,1878
2020-11-04,1721
2020-11-05,2269
2020-11-06,2383
2020-11-07,2106
2020-11-08,1856
2020-11-09,2163
2020-11-10,2399
2020-11-11,2679
2020-11-12,2207
2020-11-13,2151
2020-11-14,1876
2020-11-15,1853
2020-11-16,2317
2020-11-17,2758
2020-11-18,3053
2020-11-19,2701
2020-11-20,3051
2020-11-21,3155
2020-11-22,3237
2020-11-23,4534
2020-11-24,4834
2020-11-25,3454
2020-11-26,3197
2020-11-27,2682
2020-11-28,2655
2020-11-29,2785
2020-11-30,3641
2020-12-01,4367
2020-12-02,3547
2020-12-03,3384
2020-12-04,3424
2020-12-05,2929
2020-12-06,2828
2020-12-07,3135
2020-12-08,2958
2020-12-09,2878
2020-12-10,4059
2020-12-11,2549
2020-12-12,2622
2020-12-13,2753
2020-12-14,3134
2020-12-15,2814
2020-12-16,3466
2020-12-17,4533
2020-12-18,3617
2020-12-19,3267
2020-12-20,3369
2020-12-21,3663
2020-12-22,3635
2020-12-23,3527
2020-12-24,2879
2020-12-25,2799
2020-12-26,3384
2020-12-27,4870
2020-12-28,5495
2020-12-29,5234
2020-12-30,5253
2020-12-31,4778
2021-01-01,4172
2021-01-02,6706
2021-01-03,11972
2021-01-04,13476
2021-01-05,10690
2021-01-06,10677
2021-01-07,12325
2021-01-08,11534
2021-01-09,10532
2021-01-10,11002
2021-01-11,9870
2021-01-12,8313
2021-01-13,7297
2021-01-14,7616
2021-01-15,6473
2021-01-16,6137
2021-01-17,5834
2021-01-18,5710
2021-01-19,8250
2021-01-20,6311
2021-01-21,6278
2021-01-22,5250
2021-01-23,4609
2021-01-24,5528
2021-01-25,6662
2021-01-26,5505
2021-01-27,5197
2021-01-28,6529
2021-01-29,8798
2021-01-30,7912
2021-01-31,7293
2021-02-01,6879
2021-02-02,8489
2021-02-03,10422
2021-02-04,10827
2021-02-05,9833
2021-02-06,8942
2021-02-07,9157
2021-02-08,11883
2021-02-09,12886
2021-02-10,11182
2021-02-11,10105
2021-02-12,9274
2021-02-13,8955
2021-02-14,8619
2021-02-15,8695
2021-02-16,8812
2021-02-17,8880
2021-02-18,10866
2021-02-19,10596
2021-02-20,11864
2021-02-21,10338
2021-02-22,9987
2021-02-23,10112
2021-02-24,8784
2021-02-25,8422
2021-02-26,7642
2021-02-27,7581
2021-02-28,7835
2021-03-01,8047
2021-03-02,7603
2021-03-03,7402
2021-03-04,6979
2021-03-05,6538
2021-03-06,6431
2021-03-07,6899
2021-03-08,7656
2021-03-09,8674
2021-03-10,8259
2021-03-11,8538
2021-03-12,8884
2021-03-13,9196
2021-03-14,8977
2021-03-15,8375
2021-03-16,8916
2021-03-17,8035
2021-03-18,8380
2021-03-19,6914
2021-03-20,6765
2021-03-21,7030
2021-03-22,8739
2021-03-23,7474
2021-03-24,8993
2021-03-25,6952
2021-03-26,6524
2021-03-27,5921
2021-03-28,6269
2021-03-29,7030
2021-03-30,7127
2021-03-31,6587
2021-04-01,7000
2021-04-02,8546
2021-04-03,8042
2021-04-04,7256
2021-04-05,7668
2021-04-06,7941
2021-04-07,7482
2021-04-08,7077
2021-04-09,6188
2021-04-10,6291
2021-04-11,6963
2021-04-12,7466
2021-04-13,8984
2021-04-14,10871
2021-04-15,10671
2021-04-16,11049
2021-04-17,9325
2021-04-18,9000
2021-04-19,9635
2021-04-20,8791
2021-04-21,8682
2021-04-22,9827
2021-04-23,8283
2021-04-24,6921
2021-04-25,7315
2021-04-26,8411
2021-04-27,9777
2021-04-28,10442
2021-04-29,10335
2021-04-30,9202
2021-05-01,10203
2021-05-02,10879
2021-05-03,22856
2021-05-04,25568
2021-05-05,23424
2021-05-06,19273
2021-05-07,15467
2021-05-08,15983
2021-05-09,17696
2021-05-10,21276
2021-05-11,17147
2021-05-12,20096
2021-05-13,40496
2021-05-14,25748
2021-05-15,17077
2021-05-16,15065
2021-05-17,14568
2021-05-18,13018
2021-05-19,16663
2021-05-20,14656
2021-05-21,12413
2021-05-22,11299
2021-05-23,11873
2021-05-24,12292
2021-05-25,11632
2021-05-26,10888
2021-05-27,8997
2021-05-28,8349
2021-05-29,7487
2021-05-30,7280
2021-05-31,7645
2021-06-01,7270
2021-06-02,6936
2021-06-03,7223
2021-06-04,7202
2021-06-05,6569
2021-06-06,6983
2021-06-07,7047
2021-06-08,6850
2021-06-09,6348
2021-06-10,6259
2021-06-11,6243
2021-06-12,5287
2021-06-13,4987
2021-06-14,5362
2021-06-15,5308
2021-06-16,5058
2021-06-17,4756
2021-06-18,4651
2021-06-19,4075
2021-06-20,4576
2021-06-21,5021
2021-06-22,5654
2021-06-23,4846
2021-06-24,4705
2021-06-25,4489
2021-06-26,3987
2021-06-27,4058
2021-06-28,4539
2021-06-29,4672
2021-06-30,4475
2021-07-01,5130
2021-07-02,4653
2021-07-03,4361
2021-07-04,5047
2021-07-05,4984
2021-07-06,5128
2021-07-07,4986
2021-07-08,4588
2021-07-09,4535
2021-07-10,4182
2021-07-11,4187
2021-07-12,4709
2021-07-13,4829
2021-07-14,4667
2021-07-15,4579
2021-07-16,4186
2021-07-17,4000
2021-07-18,4325
2021-07-19,4624
2021-07-20,4551
2021-07-21,4565
2021-07-22,4610
2021-07-23,4385
2021-07-24,3792
2021-07-25,3565
2021-07-26,4838
2021-07-27,4571
2021-07-28,4331
2021-07-29,4252
2021-07-30,4592
2021-07-31,3974
2021-08-01,4571
2021-08-02,5119
2021-08-03,5139
2021-08-04,6128
2021-08-05,7419
2021-08-06,5920
2021-08-07,5856
2021-08-08,5769
2021-08-09,5740
2021-08-10,5613
2021-08-11,6013
2021-08-12,5516
2021-08-13,5306
2021-08-14,5138
2021-08-15,5264
2021-08-16,6019
2021-08-17,5765
2021-08-18,5560
2021-08-19,5542
2021-08-20,5973
2021-08-21,5033
2021-08-22,4981
2021-08-23,6389
2021-08-24,5956
2021-08-25,5595
2021-08-26,4989
2021-08-27,5273
2021-08-28,5183
2021-08-29,5210
2021-08-30,5604
2021-08-31,5803
2021-09-01,7222
2021-09-02,7483
2021-09-03,6923
2021-09-04,6194
2021-09-05,6020
2021-09-06,6192
2021-09-07,6718
2021-09-08,6267
2021-09-09,5787
2021-09-10,5169
2021-09-11,4906
2021-09-12,4899
2021-09-13,5270
2021-09-14,5784
2021-09-15,6133
2021-09-16,6276
2021-09-17,7116
2021-09-18,5777
2021-09-19,6368
2021-09-20,6300
2021-09-21,6737
2021-09-22,7504
2021-09-23,7454
2021-09-24,7776
2021-09-25,6368
2021-09-26,6513
2021-09-27,6892
2021-09-28,5391
2021-09-29,4972
2021-09-30,4382
2021-10-01,4948
2021-10-02,6812
2021-10-03,9056
2021-10-04,8611
2021-10-05,9244
2021-10-06,9397
2021-10-07,7594
2021-10-08,8001
2021-10-09,6797
2021-10-10,7653
2021-10-11,7548
2021-10-12,7497
2021-10-13,7796
2021-10-14,8108
2021-10-15,8195
2021-10-16,8839
2021-10-17,7868
2021-10-18,7782
2021-10-19,6369
2021-10-20,6386
2021-10-21,7357
2021-10-22,5582
2021-10-23,7651
2021-10-24,9339
2021-10-25,8746
2021-10-26,7657
2021-10-27,7484
2021-10-28,10624
2021-10-29,11937
2021-10-30,11802
2021-10-31,7668
2021-11-01,8273
2021-11-02,10644
2021-11-03,9078
2021-11-04,8076
2021-11-05,7824
2021-11-06,6838
2021-11-07,7774
2021-11-08,9254
2021-11-09,9974
2021-11-10,8976
2021-11-11,8333
2021-11-12,7543
2021-11-13,6914
2021-11-14,7449
2021-11-15,8186
2021-11-16,7771
2021-11-17,8017
2021-11-18,8857
2021-11-19,7720
2021-11-20,6747
2021-11-21,6982
2021-11-22,7423
2021-11-23,7625
2021-11-24,7662
2021-11-25,6983
2021-11-26,6716
2021-11-27,6196
2021-11-28,6596
2021-11-29,7256
2021-11-30,7797
2021-12-01,7785
2021-12-02,6594
2021-12-03,6274
2021-12-04,6263
2021-12-05,6585
2021-12-06,7047
2021-12-07,7319
2021-12-08,7301
2021-12-09,6834
2021-12-10,6167
2021-12-11,5313
2021-12-12,5618
2021-12-13,6508
2021-12-14,6714
2021-12-15,6490
2021-12-16,6323
2021-12-17,5595
2021-12-18,5461
2021-12-19,5336
2021-12-20,5907
2021-12-21,6080
2021-12-22,6050
2021-12-23,5612
2021-12-24,5519
2021-12-25,8296
2021-12-26,6017
2021-12-27,6463
2021-12-28,6194
2021-12-29,6443
2021-12-30,6300
2021-12-31,4936
2022-01-01,5037
2022-01-02,6677
2022-01-03,7199
2022-01-04,7254
2022-01-05,7198
2022-01-06,7173
2022-01-07,7052
2022-01-08,6727
2022-01-09,6714
2022-01-10,7029
2022-01-11,6839
2022-01-12,6548
2022-01-13,5966
2022-01-14,5845
2022-01-15,5379
2022-01-16,5612
2022-01-17,6269
2022-01-18,6197
2022-01-19,6304
2022-01-20,6166
2022-01-21,7204
2022-01-22,7106
2022-01-23,6532
2022-01-24,7847
2022-01-25,7310
2022-01-26,7136
2022-01-27,6894
2022-01-28,6397
2022-01-29,5793
2022-01-30,5915
2022-01-31,6191
2022-02-01,6297
2022-02-02,6879
2022-02-03,6688
2022-02-04,6640
2022-02-05,5468
2022-02-06,5707
2022-02-07,6318
2022-02-08,5894
2022-02-09,5843
2022-02-10,5596
2022-02-11,4935
2022-02-12,4536
2022-02-13,4951
2022-02-14,5113
2022-02-15,5256
2022-02-16,5589
2022-02-17,5029
2022-02-18,4807
2022-02-19,4451
2022-02-20,4667
2022-02-21,5336
2022-02-22,5160
2022-02-23,5229
2022-02-24,5776
2022-02-25,4331
2022-02-26,3942
2022-02-27,4472
2022-02-28,4964
2022-03-01,4774
2022-03-02,4514
2022-03-03,4563
2022-03-04,3713
2022-03-05,3027
2022-03-06,3474
2022-03-07,3938
2022-03-08,3917
2022-03-09,4033
2022-03-10,4303
2022-03-11,3648
2022-03-12,3473
2022-03-13,3579
2022-03-14,3780
2022-03-15,4060
2022-03-16,4044
2022-03-17,3788
2022-03-18,4181
2022-03-19,4604
2022-03-20,4523
2022-03-21,4501
2022-03-22,4790
2022-03-23,4375
2022-03-24,4138
2022-03-25,3793
2022-03-26,3379
2022-03-27,3670
2022-03-28,4373
2022-03-29,4423
2022-03-30,4472
2022-03-31,4024
2022-04-01,3833
2022-04-02,3543
2022-04-03,3579
2022-04-04,4082
2022-04-05,4085
2022-04-06,3979
2022-04-07,3689
2022-04-08,3469
2022-04-09,2958
2022-04-10,2930
2022-04-11,3930
2022-04-12,4165
2022-04-13,3897
2022-04-14,3623
2022-04-15,3432
2022-04-16,3062
2022-04-17,3295
2022-04-18,3678
2022-04-19,3861
2022-04-20,3888
2022-04-21,3672
2022-04-22,3574
2022-04-23,3192
2022-04-24,3478
2022-04-25,3675
2022-04-26,3720
2022-04-27,3737
2022-04-28,3626
2022-04-29,3146
2022-04-30,2727
2022-05-01,3058
2022-05-02,3585
2022-05-03,3334
2022-05-04,3281
2022-05-05,3598
2022-05-06,3108
2022-05-07,2691
2022-05-08,2960
2022-05-09,3805
2022-05-10,3545
2022-05-11,4020
2022-05-12,5356
2022-05-13,4640
2022-05-14,3614
2022-05-15,3500
2022-05-16,4115
2022-05-17,4061
2022-05-18,3884
2022-05-19,3601
2022-05-20,3265
2022-05-21,2978
2022-05-22,2881
2022-05-23,3285
2022-05-24,3053
2022-05-25,3068
2022-05-26,3095
2022-05-27,3009
2022-05-28,2463
2022-05-29,2386
2022-05-30,2930
2022-05-31,2919
2022-06-01,2811
2022-06-02,2773
2022-06-03,2522
2022-06-04,2119
2022-06-05,2116
2022-06-06,2461
2022-06-07,2512
2022-06-08,3016
2022-06-09,2576
2022-06-10,2246
2022-06-11,2456
2022-06-12,2534
2022-06-13,4215
2022-06-14,3819
2022-06-15,3820
2022-06-16,3069
2022-06-17,2940
2022-06-18,3406
2022-06-19,3552
2022-06-20,3416
2022-06-21,3056
2022-06-22,2901
2022-06-23,2727
2022-06-24,2598
2022-06-25,2114
2022-06-26,2300
2022-06-27,2785
2022-06-28,2530
2022-06-29,2645
2022-06-30,2763
2022-07-01,2353
2022-07-02,1954
2022-07-03,2115
2022-07-04,2417
2022-07-05,2327
2022-07-06,2371
2022-07-07,2431
2022-07-08,2172
2022-07-09,1740
2022-07-10,1814
2022-07-11,2160
2022-07-12,2336
2022-07-13,2366
2022-07-14,2308
2022-07-15,2120
2022-07-16,1798
2022-07-17,2142
2022-07-18,2715
2022-07-19,2832
2022-07-20,2412
2022-07-21,2230
2022-07-22,2284
2022-07-23,1862
2022-07-24,2428
2022-07-25,3409
2022-07-26,2671
2022-07-27,2587
2022-07-28,2483
2022-07-29,2295
2022-07-30,2156
2022-07-31,2141
2022-08-01,2426
2022-08-02,2379
2022-08-03,2444
2022-08-04,2213
2022-08-05,2141
2022-08-06,1855
2022-08-07,1987
2022-08-08,2587
2022-08-09,2446
2022-08-10,2379
2022-08-11,2719
2022-08-12,2293
2022-08-13,2306
2022-08-14,2315
2022-08-15,2505
2022-08-16,2437
2022-08-17,2386
2022-08-18,2373
2022-08-19,2466
2022-08-20,1926
2022-08-21,2171
2022-08-22,2446
2022-08-23,2263
2022-08-24,2213
2022-08-25,2325
2022-08-26,2119
2022-08-27,1962
2022-08-28,2035
2022-08-29,2482
2022-08-30,2799
2022-08-31,2797
2022-09-01,2240
2022-09-02,2030
2022-09-03,1749
2022-09-04,1979
2022-09-05,2625
2022-09-06,2821
2022-09-07,2912
2022-09-08,2668
2022-09-09,2566
2022-09-10,2111
2022-09-11,2406
2022-09-12,2876
2022-09-13,3083
2022-09-14,4484
2022-09-15,12338
2022-09-16,7415
2022-09-17,4440
2022-09-18,3813
2022-09-19,4134
2022-09-20,3904
2022-09-21,3419
2022-09-22,3141
2022-09-23,2407
2022-09-24,1882
2022-09-25,1944
2022-09-26,2093
2022-09-27,2199
2022-09-28,2218
2022-09-29,2257
2022-09-30,2024
2022-10-01,1709
2022-10-02,1718
2022-10-03,2229
2022-10-04,1962
2022-10-05,3487
2022-10-06,1916
2022-10-07,1575
2022-10-08,1479
2022-10-09,1658
2022-10-10,2095
2022-10-11,1968
2022-10-12,1922
2022-10-13,1821
2022-10-14,1713
2022-10-15,1433
2022-10-16,3103
2022-10-17,2414
2022-10-18,2318
2022-10-19,1932
2022-10-20,2056
2022-10-21,1961
2022-10-22,1550
2022-10-23,1642
2022-10-24,1933
2022-10-25,2059
2022-10-26,2285
2022-10-27,2080
2022-10-28,2069
2022-10-29,1713
2022-10-30,1773
2022-10-31,2123
2022-11-01,2090
2022-11-02,2105
2022-11-03,1998
2022-11-04,1933
2022-11-05,1742
2022-11-06,1749
2022-11-07,2194
2022-11-08,2287
2022-11-09,2771
2022-11-10,2836
2022-11-11,2596
2022-11-12,2733
2022-11-13,3049
2022-11-14,3311
2022-11-15,2930
2022-11-16,2962
2022-11-17,2988
2022-11-18,2622
2022-11-19,2152
2022-11-20,2269
2022-11-21,2638
2022-11-22,2588
2022-11-23,2363
2022-11-24,2104
2022-11-25,1904
2022-11-26,1879
2022-11-27,1755
2022-11-28,2043
2022-11-29,2124
2022-11-30,1982
2022-12-01,1918
2022-12-02,1877
2022-12-03,1597
2022-12-04,1610
2022-12-05,1796
2022-12-06,1839
2022-12-07,2141
2022-12-08,2022
2022-12-09,1526
2022-12-10,1398
2022-12-11,1487
2022-12-12,1638
2022-12-13,2040
2022-12-14,1850
2022-12-15,2102
2022-12-16,1938
2022-12-17,1506
2022-12-18,1469
2022-12-19,1541
2022-12-20,1917
2022-12-21,1586
2022-12-22,1775
2022-12-23,1590
2022-12-24,1393
2022-12-25,1392
2022-12-26,1337
2022-12-27,1718
2022-12-28,1735
2022-12-29,1742
2022-12-30,1704
2022-12-31,1428
2023-01-01,1344
2023-01-02,1904
2023-01-03,1817
2023-01-04,1843
2023-01-05,1775
2023-01-06,1758
2023-01-07,1482
2023-01-08,1317
2023-01-09,1609
2023-01-10,1602
2023-01-11,1732
2023-01-12,1717
2023-01-13,1723
2023-01-14,1511
2023-01-15,1494
2023-01-16,1787
2023-01-17,1750
2023-01-18,1775
2023-01-19,1708
2023-01-20,1606
2023-01-21,1491
2023-01-22,1407
2023-01-23,1765
2023-01-24,2023
2023-01-25,1629
2023-01-26,1467
2023-01-27,1386
2023-01-28,1173
2023-01-29,1324
2023-01-30,1652
2023-01-31,1639
2023-02-01,1596
2023-02-02,1668
2023-02-03,1498
2023-02-04,1391
2023-02-05,1217
2023-02-06,1421
2023-02-07,1542
2023-02-08,1484
2023-02-09,1545
2023-02-10,1555
2023-02-11,1225
2023-02-12,1333
2023-02-13,1600
2023-02-14,1505
2023-02-15,1577
2023-02-16,1568
2023-02-17,1473
2023-02-18,1312
2023-02-19,1715
2023-02-20,2706
2023-02-21,2550
2023-02-22,2136
2023-02-23,1979
2023-02-24,1965
2023-02-25,1613
2023-02-26,1489
2023-02-27,1519
2023-02-28,1553
2023-03-01,1473
2023-03-02,1471
2023-03-03,1402
2023-03-04,1146
2023-03-05,1330
2023-03-06,1467
2023-03-07,1552
2023-03-08,1317
2023-03-09,1456
2023-03-10,1454
2023-03-11,1364
2023-03-12,1300
2023-03-13,1667
2023-03-14,1600
2023-03-15,1506
2023-03-16,1471
2023-03-17,1377
2023-03-18,1452
2023-03-19,1523
2023-03-20,1578
2023-03-21,1523
2023-03-22,1619
2023-03-23,1615
2023-03-24,1371
2023-03-25,1219
2023-03-26,1297
2023-03-27,1536
2023-03-28,1518
2023-03-29,1498
2023-03-30,1509
2023-03-31,1398
2023-04-01,1244
2023-04-02,1250
2023-04-03,1328
2023-04-04,1364
2023-04-05,1346
2023-04-06,1373
2023-04-07,1130
2023-04-08,1053
2023-04-09,1097
2023-04-10,1378
2023-04-11,1489
2023-04-12,1556
2023-04-13,1743
2023-04-14,1479
2023-04-15,1444
2023-04-16,1309
2023-04-17,1468
2023-04-18,1535
2023-04-19,1398
2023-04-20,1432
2023-04-21,1195
2023-04-22,1038
2023-04-23,1126
2023-04-24,1364
2023-04-25,1324
2023-04-26,1245
2023-04-27,1373
2023-04-28,1246
2023-04-29,1036
2023-04-30,1053
2023-05-01,1262
2023-05-02,1197
2023-05-03,1160
2023-05-04,1436
2023-05-05,1207
2023-05-06,1017
2023-05-07,1037
2023-05-08,1298
2023-05-09,1345
2023-05-10,1238
2023-05-11,1171
2023-05-12,1110
2023-05-13,961
2023-05-14,969
2023-05-15,1207
2023-05-16,1231
2023-05-17,1200
2023-05-18,1206
2023-05-19,1195
2023-05-20,951
2023-05-21,999
2023-05-22,1340
2023-05-23,1426
2023-05-24,1202
2023-05-25,1109
2023-05-26,967
2023-05-27,947
2023-05-28,925
2023-05-29,1097
2023-05-30,1127
2023-05-31,1144
2023-06-01,1159
2023-06-02,1089
2023-06-03,934
2023-06-04,882
2023-06-05,1210
2023-06-06,1491
2023-06-07,1365
2023-06-08,1188
2023-06-09,1132
2023-06-10,1104
2023-06-11,1011
2023-06-12,1157
2023-06-13,1292
2023-06-14,1189
2023-06-15,1147
2023-06-16,1088
2023-06-17,879
2023-06-18,877
2023-06-19,1022
2023-06-20,1035
2023-06-21,1068
2023-06-22,977
2023-06-23,891
2023-06-24,1318
2023-06-25,1387
2023-06-26,971
2023-06-27,1028
2023-06-28,937
2023-06-29,904
2023-06-30,963
2023-07-01,862
2023-07-02,889
2023-07-03,990
2023-07-04,1014
2023-07-05,1179
2023-07-06,1153
2023-07-07,1073
2023-07-08,955
2023-07-09,856
2023-07-10,1404
2023-07-11,1145
2023-07-12,1221
2023-07-13,1169
2023-07-14,1216
2023-07-15,928
2023-07-16,852
2023-07-17,1128
2023-07-18,1207
2023-07-19,1266
2023-07-20,1036
2023-07-21,912
2023-07-22,970
2023-07-23,1022
2023-07-24,1127
2023-07-25,1152
2023-07-26,1144
2023-07-27,1213
2023-07-28,1150
2023-07-29,965
2023-07-30,1153
2023-07-31,1248
2023-08-01,1309
2023-08-02,1345
2023-08-03,1217
2023-08-04,1017
2023-08-05,861
2023-08-06,931
2023-08-07,1114
2023-08-08,1160
2023-08-09,1039
2023-08-10,1518
2023-08-11,928
2023-08-12,883
2023-08-13,957
2023-08-14,1073
2023-08-15,1202
2023-08-16,1170
2023-08-17,1235
2023-08-18,1138
2023-08-19,939
2023-08-20,936
2023-08-21,1227
2023-08-22,1221
2023-08-23,1130
2023-08-24,1188
2023-08-25,984
2023-08-26,838
2023-08-27,885
2023-08-28,1075
2023-08-29,1216
2023-08-30,1068
2023-08-31,1066
2023-09-01,955
2023-09-02,1038
2023-09-03,936
2023-09-04,1159
2023-09-05,990
2023-09-06,1113
2023-09-07,1156
2023-09-08,1057
2023-09-09,839
2023-09-10,940
2023-09-11,1098
2023-09-12,1083
2023-09-13,1139
2023-09-14,1004
2023-09-15,1150
2023-09-16,930
2023-09-17,998
2023-09-18,1122
2023-09-19,1280
2023-09-20,1207
2023-09-21,1214
2023-09-22,1189
2023-09-23,994
2023-09-24,1013
2023-09-25,1264
2023-09-26,1298
2023-09-27,1245
2023-09-28,1034
2023-09-29,996
2023-09-30,848
2023-10-01,823
2023-10-02,1151
2023-10-03,1026
2023-10-04,1202
2023-10-05,1257
2023-10-06,1023
2023-10-07,791
2023-10-08,813
2023-10-09,1120
2023-10-10,1166
2023-10-11,1199
2023-10-12,1303
2023-10-13,1304
2023-10-14,930
2023-10-15,864
2023-10-16,1176
2023-10-17,1131
2023-10-18,1149
2023-10-19,971
2023-10-20,1051
2023-10-21,971
2023-10-22,947
2023-10-23,1232
2023-10-24,1417
2023-10-25,1276
2023-10-26,1202
2023-10-27,973
2023-10-28,903
2023-10-29,835
2023-10-30,992
2023-10-31,1052
2023-11-01,1178
2023-11-02,1115
2023-11-03,1358
2023-11-04,977
2023-11-05,1041
2023-11-06,1347
2023-11-07,1277
2023-11-08,1208
2023-11-09,1413
2023-11-10,1477
2023-11-11,1170
2023-11-12,1073
2023-11-13,1288
2023-11-14,1298
2023-11-15,1194
2023-11-16,1203
2023-11-17,1083
2023-11-18,881
2023-11-19,1025
2023-11-20,1138
2023-11-21,1160
2023-11-22,1336
2023-11-23,1522
2023-11-24,1276
2023-11-25,987
2023-11-26,1042
2023-11-27,1181
2023-11-28,1220
2023-11-29,1219
2023-11-30,1203
2023-12-01,1109
2023-12-02,964
2023-12-03,1161
2023-12-04,1618
2023-12-05,2068
2023-12-06,1792
2023-12-07,1493
2023-12-08,1508
2023-12-09,1308
2023-12-10,1273
2023-12-11,1193
2023-12-12,1226
2023-12-13,1343
2023-12-14,1275
2023-12-15,1187
2023-12-16,971
2023-12-17,926
2023-12-18,1269
2023-12-19,1166
2023-12-20,1168
2023-12-21,1118
2023-12-22,1127
2023-12-23,974
2023-12-24,865
2023-12-25,955
2023-12-26,1001
2023-12-27,1394
2023-12-28,1338
2023-12-29,1064
2023-12-30,1010
2023-12-31,1014
2024-01-01,986
2024-01-02,1403
2024-01-03,1546
2024-01-04,1382
2024-01-05,1317
2024-01-06,1084
2024-01-07,1099
2024-01-08,1302
2024-01-09,1269
2024-01-10,1713
2024-01-11,2040
2024-01-12,1668
2024-01-13,1297
2024-01-14,1299
2024-01-15,1425
2024-01-16,1420
2024-01-17,1347
2024-01-18,1431
2024-01-19,1222
2024-01-20,1079
2024-01-21,1037
2024-01-22,1279
2024-01-23,1347
2024-01-24,1287
2024-01-25,1358
2024-01-26,1310
2024-01-27,1162
2024-01-28,1137
2024-01-29,1295
